tstamp	latitude	longitude	speed	trip_id
2023-01-18 00:16:23	45.556308	-122.70001	0	239827433
2023-01-18 00:16:53	45.555827	-122.69318	17.83	239827433
2023-01-18 00:17:13	45.553415	-122.691463	15	239827433
2023-01-18 00:17:53	45.547355	-122.684005	22.05	239827433
2023-01-18 00:18:03	45.545897	-122.681918	22.7	239827433
2023-01-18 00:18:13	45.545073	-122.679162	23.3	239827433
2023-01-18 00:18:28	45.543872	-122.675408	21.6	239827433
2023-01-18 00:18:38	45.542252	-122.673432	23.5	239827433
2023-01-18 00:18:58	45.538227	-122.66972	26.45	239827433
2023-01-18 00:19:03	45.537225	-122.669005	24.8	239827433
2023-01-18 00:19:18	45.535333	-122.667952	15	239827433
2023-01-18 00:19:21	45.535298	-122.66795	1.33	239827433
2023-01-18 00:19:22	45.535298	-122.66795	1	239827433
2023-01-18 00:19:53	45.533237	-122.671688	11.87	239827433
2023-01-18 00:19:58	45.532757	-122.672537	16.8	239827433
2023-01-18 00:20:28	45.530082	-122.677343	15.83	239827433
2023-01-18 00:20:33	45.529583	-122.67765	11.6	239827433
2023-01-18 00:21:13	45.528055	-122.675885	7.5	239827433
2023-01-18 00:21:23	45.527947	-122.675397	4	239827433
2023-01-18 00:21:28	45.527783	-122.675275	3.8	239827433
2023-01-18 00:21:43	45.527583	-122.675328	1.4	239827433
2023-01-18 00:21:53	45.527583	-122.675328	0	239827433
2023-01-18 00:22:23	45.527583	-122.675328	0	239827433
2023-01-18 00:22:33	45.527583	-122.675328	0	239827433
2023-01-18 00:23:48	45.527583	-122.675328	0	239827433
2023-01-18 00:25:53	45.527583	-122.675328	0	239827433
2023-01-18 00:26:28	45.527583	-122.675328	0	239827433
2023-01-18 00:26:33	45.527583	-122.675328	0	239827433
2023-01-18 00:26:53	45.527583	-122.675328	0	239827433
2023-01-18 00:26:58	45.527583	-122.675328	0	239827433
2023-01-18 00:27:13	45.527583	-122.675328	0	239827433
2023-01-18 00:27:33	45.527583	-122.675328	0	239827433
2023-01-18 00:27:38	45.527583	-122.675328	0	239827433
2023-01-18 00:27:53	45.527583	-122.675328	0	239827433
2023-01-18 00:30:18	45.527583	-122.675328	0	239827433
2023-01-18 00:30:33	45.527583	-122.675328	0	239827433
2023-01-18 00:31:13	45.527583	-122.675328	0	239827433
2023-01-18 00:31:48	45.527583	-122.675328	0	239827433
2023-01-18 00:31:58	45.527583	-122.675328	0	239827433
2023-01-18 00:32:52	45.527583	-122.675328	0	239827433
2023-01-18 00:33:18	45.527583	-122.675328	0	239827433
2023-01-18 00:34:42	45.527583	-122.675328	0	239827433
2023-01-18 00:36:27	45.527583	-122.675328	0	239827433
2023-01-18 00:36:37	45.527583	-122.675328	0	239827433
2023-01-18 00:38:22	45.527583	-122.675328	0	239827433
2023-01-18 00:38:52	45.527583	-122.675328	0	239827433
2023-01-18 00:38:57	45.527583	-122.675328	0	239827433
2023-01-18 00:39:42	45.527583	-122.675328	0	239827433
2023-01-18 00:40:37	45.527583	-122.675328	0	239827433
2023-01-18 00:40:52	45.527583	-122.675328	0	239827433
2023-01-18 00:41:47	45.527583	-122.675328	0	239827433
2023-01-17 17:24:18	45.499372	-122.685472	0	239926204
2023-01-17 17:24:28	45.499792	-122.684912	6.2	239926204
2023-01-17 17:25:18	45.50016	-122.683445	3.28	239926204
2023-01-17 17:25:28	45.49967	-122.684062	7.4	239926204
2023-01-17 17:25:48	45.49877	-122.685537	7.55	239926204
2023-01-17 17:26:23	45.49802	-122.686542	4.26	239926204
2023-01-17 17:26:28	45.49795	-122.6863	4.2	239926204
2023-01-17 17:28:48	45.498622	-122.683633	1.59	239926204
2023-01-17 17:29:43	45.50078	-122.682677	5.02	239926204
2023-01-17 17:30:08	45.50292	-122.684525	11.68	239926204
2023-01-17 17:31:48	45.502483	-122.685973	1.23	239926204
2023-01-17 17:32:08	45.502415	-122.686293	1.35	239926204
2023-01-17 17:32:13	45.502415	-122.686293	0	239926204
2023-01-17 17:33:08	45.502358	-122.686625	0.49	239926204
2023-01-17 17:33:13	45.502347	-122.686742	2	239926204
2023-01-17 17:33:33	45.502373	-122.687305	2.2	239926204
2023-01-17 17:35:53	45.502435	-122.687385	0.07	239926204
2023-01-17 17:37:23	45.502915	-122.68741	0.57	239926204
2023-01-17 17:37:28	45.502962	-122.68725	2.4	239926204
2023-01-17 17:37:38	45.502997	-122.686997	1.9	239926204
2023-01-17 17:38:08	45.503035	-122.686777	0.57	239926204
2023-01-17 17:38:57	45.503503	-122.68572	1.94	239926204
2023-01-17 17:39:57	45.504453	-122.684277	2.58	239926204
2023-01-17 17:44:09	45.505428	-122.684355	0.43	239926204
2023-01-17 17:44:24	45.50623	-122.684227	6.13	239926204
2023-01-17 17:45:45	45.509273	-122.68395	4.15	239926204
2023-01-17 17:45:55	45.51	-122.68353	8.5	239926204
2023-01-17 17:46:05	45.51069	-122.683138	8.3	239926204
2023-01-17 17:46:25	45.511572	-122.682607	4.95	239926204
2023-01-17 17:47:06	45.511907	-122.682427	0.95	239926204
2023-01-17 17:47:07	45.511907	-122.682427	0	239926204
2023-01-17 17:48:21	45.512668	-122.68204	1.27	239926204
2023-01-17 17:49:16	45.51311	-122.681737	0.87	239926204
2023-01-17 17:49:21	45.513143	-122.681718	0.8	239926204
2023-01-17 17:50:44	45.514263	-122.681153	1.57	239926204
2023-01-17 17:50:54	45.514897	-122.68081	7.4	239926204
2023-01-17 17:51:04	45.51546	-122.680508	6.6	239926204
2023-01-17 17:54:49	45.519217	-122.678422	1.97	239926204
2023-01-17 17:54:54	45.519248	-122.678397	0.8	239926204
2023-01-17 17:54:59	45.51938	-122.678323	3.2	239926204
2023-01-17 17:56:04	45.520233	-122.677922	1.52	239926204
2023-01-17 17:56:19	45.520872	-122.67752	5.07	239926204
2023-01-17 17:56:34	45.521495	-122.677187	5	239926204
2023-01-17 17:57:09	45.522747	-122.676528	4.14	239926204
2023-01-17 17:58:49	45.52362	-122.676418	0.93	239926204
2023-01-17 17:59:04	45.524322	-122.676418	5	239926204
2023-01-17 17:59:24	45.524703	-122.676445	2.15	239926204
2023-01-17 17:59:39	45.525172	-122.676413	3.33	239926204
2023-01-17 17:59:49	45.525207	-122.675803	4.7	239926204
2023-01-17 18:00:19	45.525215	-122.675307	1.33	239926204
2023-01-17 18:02:04	45.526375	-122.670732	4.23	239926204
2023-01-17 18:02:09	45.526808	-122.670633	9.8	239926204
2023-01-17 18:03:34	45.529673	-122.666162	6.6	239926204
2023-01-17 18:04:24	45.530332	-122.6666	2.38	239926204
2023-01-17 18:05:29	45.530743	-122.665043	2.14	239926204
2023-01-17 18:05:54	45.53074	-122.664897	0.4	239926204
2023-01-17 18:06:09	45.530748	-122.663657	6.6	239926204
2023-01-17 18:06:19	45.530997	-122.662838	6.5	239926204
2023-01-17 18:07:44	45.531448	-122.660872	2	239926204
2023-01-17 18:08:34	45.531467	-122.657978	4.5	239926204
2023-01-17 18:09:04	45.53141	-122.654147	9.77	239926204
2023-01-17 18:10:29	45.53143	-122.650505	3.38	239926204
2023-01-17 18:12:38	45.532797	-122.649782	1.85	239926204
2023-01-17 18:12:48	45.533427	-122.650403	9	239926204
2023-01-17 18:13:33	45.534562	-122.650405	2.69	239926204
2023-01-17 18:14:58	45.538535	-122.650453	5.14	239926204
2023-01-17 18:15:54	45.541657	-122.650445	6.14	239926204
2023-01-17 18:16:40	45.545075	-122.650407	7.98	239926204
2023-01-17 18:16:55	45.545337	-122.650422	2.4	239926204
2023-01-17 18:17:15	45.546993	-122.650415	8.65	239926204
2023-01-17 18:18:05	45.549123	-122.6504	4.68	239926204
2023-01-17 18:19:10	45.552353	-122.650367	5.46	239926204
2023-01-17 18:19:40	45.554892	-122.650358	9.3	239926204
2023-01-17 18:20:25	45.556267	-122.649723	3.69	239926204
2023-01-17 18:22:40	45.561892	-122.649688	4.58	239926204
2023-01-17 18:22:45	45.562267	-122.649683	8.2	239926204
2023-01-17 18:24:40	45.564267	-122.65007	2.04	239926204
2023-01-17 18:26:40	45.569492	-122.650045	4.78	239926204
2023-01-17 18:27:25	45.570633	-122.650038	2.78	239926204
2023-01-17 18:28:15	45.5719	-122.651257	4.56	239926204
2023-01-17 18:28:20	45.571852	-122.651927	10.4	239926204
2023-01-17 18:28:55	45.571793	-122.657047	11.23	239926204
2023-01-17 18:30:10	45.572067	-122.661347	4.72	239926204
2023-01-17 18:30:15	45.572545	-122.661328	10.8	239926204
2023-01-17 18:30:45	45.57597	-122.661282	12.47	239926204
2023-01-17 18:32:20	45.580427	-122.66134	5.12	239926204
2023-01-17 18:32:25	45.580673	-122.661413	5.4	239926204
2023-01-17 18:32:44	45.58073	-122.662508	4.42	239926204
2023-01-17 18:32:50	45.58073	-122.662508	0	239926204
2023-01-17 18:33:10	45.58073	-122.662508	0	239926204
2023-01-17 18:33:15	45.58073	-122.662508	0	239926204
2023-01-17 18:33:25	45.58073	-122.662508	0	239926204
2023-01-17 18:34:05	45.58073	-122.662508	0	239926204
2023-01-17 18:34:25	45.58073	-122.662508	0	239926204
2023-01-17 18:34:30	45.58073	-122.662508	0	239926204
2023-01-17 18:35:15	45.58073	-122.662508	0	239926204
2023-01-17 18:35:25	45.58073	-122.662508	0	239926204
2023-01-17 18:36:25	45.58073	-122.662508	0	239926204
2023-01-17 18:36:30	45.58073	-122.662508	0	239926204
2023-01-17 18:36:50	45.58073	-122.662508	0	239926204
2023-01-17 18:37:40	45.58073	-122.662508	0	239926204
2023-01-17 18:37:55	45.58073	-122.662508	0	239926204
2023-01-17 18:38:10	45.58073	-122.662508	0	239926204
2023-01-17 18:38:25	45.58073	-122.662508	0	239926204
2023-01-17 18:38:45	45.58073	-122.662508	0	239926204
2023-01-17 18:40:50	45.58073	-122.662508	0	239926204
2023-01-17 18:41:15	45.58073	-122.662508	0	239926204
2023-01-17 18:41:20	45.58073	-122.662508	0	239926204
2023-01-17 18:41:35	45.58073	-122.662508	0	239926204
2023-01-17 18:41:45	45.58073	-122.662508	0	239926204
2023-01-17 18:42:05	45.58073	-122.662508	0	239926204
2023-01-17 18:42:50	45.58073	-122.662508	0	239926204
2023-01-17 18:43:15	45.58073	-122.662508	0	239926204
2023-01-17 18:43:29	45.58073	-122.662508	0	239926204
2023-01-17 18:43:54	45.58073	-122.662508	0	239926204
2023-01-17 18:43:59	45.58073	-122.662508	0	239926204
2023-01-17 18:44:04	45.58073	-122.662508	0	239926204
2023-01-17 18:44:19	45.58073	-122.662508	0	239926204
2023-01-17 18:44:29	45.58073	-122.662508	0	239926204
2023-01-17 18:44:49	45.58073	-122.662508	0	239926204
2023-01-17 18:45:14	45.58073	-122.662508	0	239926204
2023-01-17 18:45:19	45.58073	-122.662508	0	239926204
2023-01-17 18:45:44	45.58073	-122.662508	0	239926204
2023-01-17 18:46:34	45.58073	-122.662508	0	239926204
2023-01-17 18:46:49	45.58073	-122.662508	0	239926204
2023-01-18 00:16:18	45.556453	-122.701158	3.32	239827433
2023-01-18 00:16:28	45.556132	-122.698842	20.1	239827433
2023-01-18 00:17:03	45.554772	-122.692488	15.89	239827433
2023-01-18 00:17:23	45.551855	-122.689862	18.95	239827433
2023-01-18 00:17:28	45.551047	-122.688973	22.4	239827433
2023-01-18 00:17:38	45.549548	-122.686973	22.6	239827433
2023-01-18 00:17:48	45.548083	-122.684988	22.3	239827433
2023-01-18 00:18:23	45.544438	-122.676515	22.51	239827433
2023-01-18 00:19:28	45.535133	-122.668037	19.11	239827433
2023-01-18 00:19:33	45.534987	-122.668535	8.2	239827433
2023-01-18 00:19:38	45.534642	-122.669187	12.6	239827433
2023-01-18 00:19:48	45.53373	-122.670855	16.2	239827433
2023-01-18 00:20:08	45.53181	-122.67425	16.85	239827433
2023-01-18 00:20:18	45.530885	-122.675913	16.4	239827433
2023-01-18 00:20:38	45.528968	-122.677655	13.5	239827433
2023-01-18 00:20:43	45.528377	-122.677633	13	239827433
2023-01-18 00:20:48	45.528058	-122.67754	7.4	239827433
2023-01-18 00:20:53	45.527978	-122.677155	6	239827433
2023-01-18 00:21:03	45.528032	-122.676275	6.8	239827433
2023-01-18 00:21:08	45.528047	-122.675933	5.4	239827433
2023-01-18 00:21:38	45.527597	-122.675308	2.73	239827433
2023-01-18 00:21:58	45.527583	-122.675328	0.05	239827433
2023-01-18 00:22:03	45.527583	-122.675328	0	239827433
2023-01-18 00:22:08	45.527583	-122.675328	0	239827433
2023-01-18 00:22:38	45.527583	-122.675328	0	239827433
2023-01-18 00:22:43	45.527583	-122.675328	0	239827433
2023-01-18 00:22:48	45.527583	-122.675328	0	239827433
2023-01-18 00:22:53	45.527583	-122.675328	0	239827433
2023-01-18 00:22:58	45.527583	-122.675328	0	239827433
2023-01-18 00:23:03	45.527583	-122.675328	0	239827433
2023-01-18 00:23:13	45.527583	-122.675328	0	239827433
2023-01-18 00:23:18	45.527583	-122.675328	0	239827433
2023-01-18 00:23:23	45.527583	-122.675328	0	239827433
2023-01-18 00:23:43	45.527583	-122.675328	0	239827433
2023-01-18 00:23:58	45.527583	-122.675328	0	239827433
2023-01-18 00:24:03	45.527583	-122.675328	0	239827433
2023-01-18 00:24:13	45.527583	-122.675328	0	239827433
2023-01-18 00:24:18	45.527583	-122.675328	0	239827433
2023-01-18 00:24:23	45.527583	-122.675328	0	239827433
2023-01-18 00:24:28	45.527583	-122.675328	0	239827433
2023-01-18 00:24:58	45.527583	-122.675328	0	239827433
2023-01-18 00:25:03	45.527583	-122.675328	0	239827433
2023-01-18 00:25:08	45.527583	-122.675328	0	239827433
2023-01-18 00:25:13	45.527583	-122.675328	0	239827433
2023-01-18 00:25:23	45.527583	-122.675328	0	239827433
2023-01-18 00:25:33	45.527583	-122.675328	0	239827433
2023-01-18 00:25:38	45.527583	-122.675328	0	239827433
2023-01-18 00:25:43	45.527583	-122.675328	0	239827433
2023-01-18 00:26:03	45.527583	-122.675328	0	239827433
2023-01-18 00:26:13	45.527583	-122.675328	0	239827433
2023-01-18 00:26:23	45.527583	-122.675328	0	239827433
2023-01-18 00:26:38	45.527583	-122.675328	0	239827433
2023-01-18 00:26:43	45.527583	-122.675328	0	239827433
2023-01-18 00:26:48	45.527583	-122.675328	0	239827433
2023-01-18 00:27:58	45.527583	-122.675328	0	239827433
2023-01-18 00:28:18	45.527583	-122.675328	0	239827433
2023-01-18 00:28:23	45.527583	-122.675328	0	239827433
2023-01-18 00:28:28	45.527583	-122.675328	0	239827433
2023-01-18 00:28:48	45.527583	-122.675328	0	239827433
2023-01-18 00:28:58	45.527583	-122.675328	0	239827433
2023-01-18 00:29:08	45.527583	-122.675328	0	239827433
2023-01-18 00:29:28	45.527583	-122.675328	0	239827433
2023-01-18 00:29:33	45.527583	-122.675328	0	239827433
2023-01-18 00:29:43	45.527583	-122.675328	0	239827433
2023-01-18 00:30:03	45.527583	-122.675328	0	239827433
2023-01-18 00:30:48	45.527583	-122.675328	0	239827433
2023-01-18 00:31:18	45.527583	-122.675328	0	239827433
2023-01-18 00:31:53	45.527583	-122.675328	0	239827433
2023-01-18 00:32:03	45.527583	-122.675328	0	239827433
2023-01-18 00:32:08	45.527583	-122.675328	0	239827433
2023-01-18 00:32:13	45.527583	-122.675328	0	239827433
2023-01-18 00:32:28	45.527583	-122.675328	0	239827433
2023-01-18 00:32:43	45.527583	-122.675328	0	239827433
2023-01-18 00:32:57	45.527583	-122.675328	0	239827433
2023-01-18 00:33:02	45.527583	-122.675328	0	239827433
2023-01-18 00:33:22	45.527583	-122.675328	0	239827433
2023-01-18 00:33:32	45.527583	-122.675328	0	239827433
2023-01-18 00:33:38	45.527583	-122.675328	0	239827433
2023-01-18 00:33:48	45.527583	-122.675328	0	239827433
2023-01-18 00:34:02	45.527583	-122.675328	0	239827433
2023-01-18 00:34:12	45.527583	-122.675328	0	239827433
2023-01-18 00:34:27	45.527583	-122.675328	0	239827433
2023-01-18 00:34:32	45.527583	-122.675328	0	239827433
2023-01-18 00:34:37	45.527583	-122.675328	0	239827433
2023-01-18 00:34:52	45.527583	-122.675328	0	239827433
2023-01-18 00:35:02	45.527583	-122.675328	0	239827433
2023-01-18 00:35:07	45.527583	-122.675328	0	239827433
2023-01-18 00:35:12	45.527583	-122.675328	0	239827433
2023-01-18 00:35:17	45.527583	-122.675328	0	239827433
2023-01-18 00:35:22	45.527583	-122.675328	0	239827433
2023-01-18 00:35:37	45.527583	-122.675328	0	239827433
2023-01-18 00:36:07	45.527583	-122.675328	0	239827433
2023-01-18 00:36:12	45.527583	-122.675328	0	239827433
2023-01-18 00:36:17	45.527583	-122.675328	0	239827433
2023-01-18 00:36:22	45.527583	-122.675328	0	239827433
2023-01-18 00:36:57	45.527583	-122.675328	0	239827433
2023-01-18 00:37:02	45.527583	-122.675328	0	239827433
2023-01-18 00:37:12	45.527583	-122.675328	0	239827433
2023-01-18 00:37:17	45.527583	-122.675328	0	239827433
2023-01-18 00:37:27	45.527583	-122.675328	0	239827433
2023-01-18 00:37:32	45.527583	-122.675328	0	239827433
2023-01-18 00:37:47	45.527583	-122.675328	0	239827433
2023-01-18 00:38:02	45.527583	-122.675328	0	239827433
2023-01-18 00:38:17	45.527583	-122.675328	0	239827433
2023-01-18 00:38:27	45.527583	-122.675328	0	239827433
2023-01-18 00:38:42	45.527583	-122.675328	0	239827433
2023-01-18 00:39:02	45.527583	-122.675328	0	239827433
2023-01-18 00:39:12	45.527583	-122.675328	0	239827433
2023-01-18 00:39:22	45.527583	-122.675328	0	239827433
2023-01-18 00:39:27	45.527583	-122.675328	0	239827433
2023-01-18 00:39:37	45.527583	-122.675328	0	239827433
2023-01-18 00:39:47	45.527583	-122.675328	0	239827433
2023-01-18 00:40:02	45.527583	-122.675328	0	239827433
2023-01-18 00:40:07	45.527583	-122.675328	0	239827433
2023-01-18 00:40:12	45.527583	-122.675328	0	239827433
2023-01-18 00:40:17	45.527583	-122.675328	0	239827433
2023-01-18 00:40:22	45.527583	-122.675328	0	239827433
2023-01-18 00:40:27	45.527583	-122.675328	0	239827433
2023-01-18 00:40:42	45.527583	-122.675328	0	239827433
2023-01-18 00:40:57	45.527583	-122.675328	0	239827433
2023-01-18 00:41:17	45.527583	-122.675328	0	239827433
2023-01-18 00:41:27	45.527583	-122.675328	0	239827433
2023-01-18 00:41:32	45.527583	-122.675328	0	239827433
2023-01-18 00:41:37	45.527583	-122.675328	0	239827433
2023-01-18 00:41:42	45.527583	-122.675328	0	239827433
2023-01-18 00:41:52	45.527583	-122.675328	0	239827433
2023-01-18 00:41:57	45.527583	-122.675328	0	239827433
2023-01-18 00:42:02	45.527583	-122.675328	0	239827433
2023-01-18 00:16:33	45.555995	-122.697605	3.14	239827433
2023-01-18 00:16:38	45.555947	-122.696303	20.2	239827433
2023-01-18 00:16:43	45.555947	-122.695052	19.4	239827433
2023-01-18 00:16:48	45.555943	-122.693952	17.2	239827433
2023-01-18 00:16:58	45.55536	-122.692675	12.7	239827433
2023-01-18 00:17:08	45.554167	-122.691983	14.3	239827433
2023-01-18 00:17:18	45.55264	-122.690718	19.4	239827433
2023-01-18 00:17:33	45.550293	-122.687985	22.27	239827433
2023-01-18 00:17:43	45.54881	-122.685973	22.5	239827433
2023-01-18 00:17:58	45.546618	-122.68299	22.2	239827433
2023-01-18 00:18:08	45.545442	-122.680558	23.2	239827433
2023-01-18 00:18:18	45.544728	-122.67782	22.7	239827433
2023-01-18 00:18:33	45.543088	-122.674443	21.8	239827433
2023-01-18 00:18:43	45.541347	-122.672422	24.8	239827433
2023-01-18 00:18:48	45.540338	-122.671478	26.6	239827433
2023-01-18 00:18:53	45.539282	-122.670587	27	239827433
2023-01-18 00:19:08	45.536463	-122.668498	23.4	239827433
2023-01-18 00:19:13	45.535798	-122.668127	15.8	239827433
2023-01-18 00:19:23	45.53529	-122.66795	5.8	239827433
2023-01-18 00:19:43	45.534198	-122.67	10.05	239827433
2023-01-18 00:20:03	45.532277	-122.673402	16.85	239827433
2023-01-18 00:20:13	45.531347	-122.675088	16.5	239827433
2023-01-18 00:20:23	45.530468	-122.67667	15.6	239827433
2023-01-18 00:20:58	45.528012	-122.676732	10.31	239827433
2023-01-18 00:21:11	45.528053	-122.675892	5	239827433
2023-01-18 00:21:12	45.528053	-122.675892	0	239827433
2023-01-18 00:21:18	45.528048	-122.675638	3.17	239827433
2023-01-18 00:21:33	45.527675	-122.675258	3.4	239827433
2023-01-18 00:21:41	45.527583	-122.675328	1.25	239827433
2023-01-18 00:21:48	45.527583	-122.675328	0	239827433
2023-01-18 00:22:13	45.527583	-122.675328	0	239827433
2023-01-18 00:22:18	45.527583	-122.675328	0	239827433
2023-01-18 00:22:28	45.527583	-122.675328	0	239827433
2023-01-18 00:23:08	45.527583	-122.675328	0	239827433
2023-01-18 00:23:28	45.527583	-122.675328	0	239827433
2023-01-18 00:23:33	45.527583	-122.675328	0	239827433
2023-01-18 00:23:38	45.527583	-122.675328	0	239827433
2023-01-18 00:23:53	45.527583	-122.675328	0	239827433
2023-01-18 00:24:08	45.527583	-122.675328	0	239827433
2023-01-18 00:24:33	45.527583	-122.675328	0	239827433
2023-01-18 00:24:38	45.527583	-122.675328	0	239827433
2023-01-18 00:24:43	45.527583	-122.675328	0	239827433
2023-01-18 00:24:48	45.527583	-122.675328	0	239827433
2023-01-18 00:24:53	45.527583	-122.675328	0	239827433
2023-01-18 00:25:18	45.527583	-122.675328	0	239827433
2023-01-18 00:25:28	45.527583	-122.675328	0	239827433
2023-01-18 00:25:48	45.527583	-122.675328	0	239827433
2023-01-18 00:25:58	45.527583	-122.675328	0	239827433
2023-01-18 00:26:08	45.527583	-122.675328	0	239827433
2023-01-18 00:26:18	45.527583	-122.675328	0	239827433
2023-01-18 00:27:03	45.527583	-122.675328	0	239827433
2023-01-18 00:27:08	45.527583	-122.675328	0	239827433
2023-01-18 00:27:18	45.527583	-122.675328	0	239827433
2023-01-18 00:27:23	45.527583	-122.675328	0	239827433
2023-01-18 00:27:28	45.527583	-122.675328	0	239827433
2023-01-18 00:27:43	45.527583	-122.675328	0	239827433
2023-01-18 00:27:48	45.527583	-122.675328	0	239827433
2023-01-18 00:28:03	45.527583	-122.675328	0	239827433
2023-01-18 00:28:08	45.527583	-122.675328	0	239827433
2023-01-18 00:28:13	45.527583	-122.675328	0	239827433
2023-01-18 00:28:33	45.527583	-122.675328	0	239827433
2023-01-18 00:28:38	45.527583	-122.675328	0	239827433
2023-01-18 00:28:43	45.527583	-122.675328	0	239827433
2023-01-18 00:28:53	45.527583	-122.675328	0	239827433
2023-01-18 00:29:03	45.527583	-122.675328	0	239827433
2023-01-18 00:29:13	45.527583	-122.675328	0	239827433
2023-01-18 00:29:18	45.527583	-122.675328	0	239827433
2023-01-18 00:29:23	45.527583	-122.675328	0	239827433
2023-01-18 00:29:38	45.527583	-122.675328	0	239827433
2023-01-18 00:29:48	45.527583	-122.675328	0	239827433
2023-01-18 00:29:53	45.527583	-122.675328	0	239827433
2023-01-18 00:29:58	45.527583	-122.675328	0	239827433
2023-01-18 00:30:08	45.527583	-122.675328	0	239827433
2023-01-18 00:30:13	45.527583	-122.675328	0	239827433
2023-01-18 00:30:23	45.527583	-122.675328	0	239827433
2023-01-18 00:30:28	45.527583	-122.675328	0	239827433
2023-01-18 00:30:38	45.527583	-122.675328	0	239827433
2023-01-18 00:30:43	45.527583	-122.675328	0	239827433
2023-01-18 00:30:53	45.527583	-122.675328	0	239827433
2023-01-18 00:30:58	45.527583	-122.675328	0	239827433
2023-01-18 00:31:03	45.527583	-122.675328	0	239827433
2023-01-18 00:31:08	45.527583	-122.675328	0	239827433
2023-01-18 00:31:23	45.527583	-122.675328	0	239827433
2023-01-18 00:31:28	45.527583	-122.675328	0	239827433
2023-01-18 00:31:33	45.527583	-122.675328	0	239827433
2023-01-18 00:31:38	45.527583	-122.675328	0	239827433
2023-01-18 00:31:43	45.527583	-122.675328	0	239827433
2023-01-18 00:32:17	45.527583	-122.675328	0	239827433
2023-01-18 00:32:23	45.527583	-122.675328	0	239827433
2023-01-18 00:32:33	45.527583	-122.675328	0	239827433
2023-01-18 00:32:38	45.527583	-122.675328	0	239827433
2023-01-18 00:32:48	45.527583	-122.675328	0	239827433
2023-01-18 00:33:08	45.527583	-122.675328	0	239827433
2023-01-18 00:33:12	45.527583	-122.675328	0	239827433
2023-01-18 00:33:27	45.527583	-122.675328	0	239827433
2023-01-18 00:33:42	45.527583	-122.675328	0	239827433
2023-01-18 00:33:52	45.527583	-122.675328	0	239827433
2023-01-18 00:33:57	45.527583	-122.675328	0	239827433
2023-01-18 00:34:07	45.527583	-122.675328	0	239827433
2023-01-18 00:34:17	45.527583	-122.675328	0	239827433
2023-01-18 00:34:22	45.527583	-122.675328	0	239827433
2023-01-18 00:34:47	45.527583	-122.675328	0	239827433
2023-01-18 00:34:57	45.527583	-122.675328	0	239827433
2023-01-18 00:35:27	45.527583	-122.675328	0	239827433
2023-01-18 00:35:32	45.527583	-122.675328	0	239827433
2023-01-18 00:35:42	45.527583	-122.675328	0	239827433
2023-01-18 00:35:47	45.527583	-122.675328	0	239827433
2023-01-18 00:35:52	45.527583	-122.675328	0	239827433
2023-01-18 00:35:57	45.527583	-122.675328	0	239827433
2023-01-18 00:36:02	45.527583	-122.675328	0	239827433
2023-01-18 00:36:32	45.527583	-122.675328	0	239827433
2023-01-18 00:36:42	45.527583	-122.675328	0	239827433
2023-01-18 00:36:47	45.527583	-122.675328	0	239827433
2023-01-18 00:36:52	45.527583	-122.675328	0	239827433
2023-01-18 00:37:07	45.527583	-122.675328	0	239827433
2023-01-18 00:37:22	45.527583	-122.675328	0	239827433
2023-01-18 00:37:37	45.527583	-122.675328	0	239827433
2023-01-18 00:37:42	45.527583	-122.675328	0	239827433
2023-01-18 00:37:52	45.527583	-122.675328	0	239827433
2023-01-18 00:37:57	45.527583	-122.675328	0	239827433
2023-01-18 00:38:07	45.527583	-122.675328	0	239827433
2023-01-18 00:38:12	45.527583	-122.675328	0	239827433
2023-01-18 00:38:32	45.527583	-122.675328	0	239827433
2023-01-18 00:38:37	45.527583	-122.675328	0	239827433
2023-01-18 00:38:47	45.527583	-122.675328	0	239827433
2023-01-18 00:39:07	45.527583	-122.675328	0	239827433
2023-01-18 00:39:17	45.527583	-122.675328	0	239827433
2023-01-18 00:39:32	45.527583	-122.675328	0	239827433
2023-01-18 00:39:52	45.527583	-122.675328	0	239827433
2023-01-18 00:39:57	45.527583	-122.675328	0	239827433
2023-01-18 00:40:32	45.527583	-122.675328	0	239827433
2023-01-18 00:40:47	45.527583	-122.675328	0	239827433
2023-01-18 00:41:02	45.527583	-122.675328	0	239827433
2023-01-18 00:41:07	45.527583	-122.675328	0	239827433
2023-01-18 00:41:12	45.527583	-122.675328	0	239827433
2023-01-18 00:41:22	45.527583	-122.675328	0	239827433
2023-01-18 00:42:07	45.527583	-122.675328	0	239827433
2023-01-18 00:42:12	45.527583	-122.675328	0	239827433
2023-01-17 17:24:23	45.499562	-122.685218	2.71	239926204
2023-01-17 17:24:38	45.500182	-122.684398	6.13	239926204
2023-01-17 17:25:03	45.500403	-122.684148	1.16	239926204
2023-01-17 17:25:13	45.500432	-122.683587	4.8	239926204
2023-01-17 17:25:33	45.499415	-122.684455	7.25	239926204
2023-01-17 17:25:43	45.498937	-122.68527	8.2	239926204
2023-01-17 17:25:53	45.498673	-122.68583	5.3	239926204
2023-01-17 17:25:58	45.49865	-122.686217	6	239926204
2023-01-17 17:26:03	45.4986	-122.686583	5.8	239926204
2023-01-17 17:26:13	45.49831	-122.68675	3.1	239926204
2023-01-17 17:26:18	45.49819	-122.686713	2	239926204
2023-01-17 17:28:23	45.49808	-122.685507	0.86	239926204
2023-01-17 17:28:43	45.498487	-122.683912	6.65	239926204
2023-01-17 17:29:13	45.499098	-122.682902	3.43	239926204
2023-01-17 17:29:18	45.499158	-122.682858	1.2	239926204
2023-01-17 17:29:33	45.499897	-122.68256	6.07	239926204
2023-01-17 17:29:38	45.5003	-122.682482	9.2	239926204
2023-01-17 17:29:48	45.501303	-122.682967	11.9	239926204
2023-01-17 17:29:53	45.501832	-122.683253	12.6	239926204
2023-01-17 17:29:58	45.502353	-122.683553	12.4	239926204
2023-01-17 17:30:13	45.50277	-122.68511	10.2	239926204
2023-01-17 17:31:58	45.502435	-122.686197	0.89	239926204
2023-01-17 17:32:03	45.502418	-122.686277	1.4	239926204
2023-01-17 17:32:07	45.502415	-122.686293	0.25	239926204
2023-01-17 17:33:23	45.502343	-122.6871	0.86	239926204
2023-01-17 17:33:28	45.502355	-122.687218	1.8	239926204
2023-01-17 17:36:08	45.502665	-122.687578	0.27	239926204
2023-01-17 17:37:03	45.502727	-122.68757	0.07	239926204
2023-01-17 17:37:13	45.502793	-122.687537	0.7	239926204
2023-01-17 17:37:18	45.502865	-122.687485	1.2	239926204
2023-01-17 17:37:33	45.502977	-122.687142	1.87	239926204
2023-01-17 17:38:03	45.50301	-122.686908	0.6	239926204
2023-01-17 17:38:28	45.503047	-122.68672	0.56	239926204
2023-01-17 17:38:38	45.503188	-122.686313	3.6	239926204
2023-01-17 17:38:43	45.503298	-122.686092	4.2	239926204
2023-01-17 17:38:48	45.50342	-122.685873	4.2	239926204
2023-01-17 17:38:56	45.503503	-122.68572	1.62	239926204
2023-01-17 17:39:03	45.503558	-122.68562	1.57	239926204
2023-01-17 17:39:08	45.503653	-122.685443	3.2	239926204
2023-01-17 17:39:18	45.503738	-122.685275	1.6	239926204
2023-01-17 17:39:23	45.503828	-122.685095	3.4	239926204
2023-01-17 17:39:33	45.50398	-122.684785	2.8	239926204
2023-01-17 17:39:43	45.504168	-122.684483	3.2	239926204
2023-01-17 17:39:47	45.504263	-122.68439	3	239926204
2023-01-17 17:40:37	45.504738	-122.684252	1.08	239926204
2023-01-17 17:40:42	45.504792	-122.684255	1	239926204
2023-01-17 17:43:22	45.504922	-122.684275	0.11	239926204
2023-01-17 17:43:27	45.505108	-122.684303	4.2	239926204
2023-01-17 17:43:32	45.505315	-122.684337	4.6	239926204
2023-01-17 17:43:37	45.50542	-122.684353	1.8	239926204
2023-01-17 17:45:25	45.5074	-122.684198	2.06	239926204
2023-01-17 17:45:30	45.50788	-122.684187	10.6	239926204
2023-01-17 17:45:35	45.508387	-122.684187	11.2	239926204
2023-01-17 17:45:40	45.508872	-122.68414	10.4	239926204
2023-01-17 17:45:50	45.50967	-122.683718	9.3	239926204
2023-01-17 17:46:00	45.510317	-122.683353	7.6	239926204
2023-01-17 17:46:20	45.511562	-122.682605	7.2	239926204
2023-01-17 17:46:41	45.511847	-122.682467	1.57	239926204
2023-01-17 17:46:46	45.51189	-122.682437	0.8	239926204
2023-01-17 17:47:08	45.511907	-122.682427	0.09	239926204
2023-01-17 17:49:26	45.513143	-122.681718	1.07	239926204
2023-01-17 17:49:31	45.513257	-122.681652	2.4	239926204
2023-01-17 17:51:09	45.515598	-122.680432	2.8	239926204
2023-01-17 17:51:14	45.515763	-122.680345	3.8	239926204
2023-01-17 17:52:29	45.515995	-122.680167	0.39	239926204
2023-01-17 17:53:49	45.517	-122.679682	1.46	239926204
2023-01-17 17:54:14	45.518372	-122.678873	6.52	239926204
2023-01-17 17:54:19	45.518643	-122.678755	6.2	239926204
2023-01-17 17:54:33	45.518892	-122.67868	1.93	239926204
2023-01-17 17:54:39	45.519018	-122.678602	2.5	239926204
2023-01-17 17:55:59	45.519918	-122.678103	1.34	239926204
2023-01-17 17:56:09	45.520552	-122.677725	7.6	239926204
2023-01-17 17:56:29	45.521292	-122.677302	4.4	239926204
2023-01-17 17:56:44	45.521965	-122.677067	5.2	239926204
2023-01-17 17:56:59	45.522502	-122.676682	4.27	239926204
2023-01-17 17:58:54	45.523793	-122.67642	1.22	239926204
2023-01-17 17:58:59	45.524105	-122.67642	6.8	239926204
2023-01-17 17:59:34	45.525083	-122.676455	3	239926204
2023-01-17 18:00:24	45.525212	-122.674898	2.56	239926204
2023-01-17 18:00:29	45.525233	-122.674433	7.2	239926204
2023-01-17 18:00:49	45.525272	-122.67266	6.75	239926204
2023-01-17 18:01:44	45.525305	-122.67161	1.45	239926204
2023-01-17 18:01:54	45.525552	-122.670867	6.6	239926204
2023-01-17 18:01:59	45.525943	-122.670633	9.4	239926204
2023-01-17 18:02:14	45.5271	-122.670133	9.93	239926204
2023-01-17 18:02:29	45.527943	-122.668187	11.8	239926204
2023-01-17 18:02:34	45.528285	-122.667528	12.6	239926204
2023-01-17 18:03:09	45.528708	-122.665935	3.83	239926204
2023-01-17 18:03:14	45.52874	-122.66568	4	239926204
2023-01-17 18:03:24	45.529342	-122.665668	6.7	239926204
2023-01-17 18:04:19	45.530185	-122.6669	2.55	239926204
2023-01-17 18:04:34	45.530695	-122.666133	5.4	239926204
2023-01-17 18:05:24	45.530768	-122.665458	1.1	239926204
2023-01-17 18:05:59	45.530738	-122.664627	1.83	239926204
2023-01-17 18:06:04	45.53073	-122.66416	7.2	239926204
2023-01-17 18:06:14	45.530885	-122.663145	8.1	239926204
2023-01-17 18:06:49	45.531442	-122.66194	3.14	239926204
2023-01-17 18:07:34	45.531457	-122.661735	0.38	239926204
2023-01-17 18:07:39	45.531457	-122.661322	6.4	239926204
2023-01-17 18:07:49	45.53144	-122.660448	6.7	239926204
2023-01-17 18:08:24	45.53146	-122.659235	2.74	239926204
2023-01-17 18:08:29	45.531462	-122.658597	9.8	239926204
2023-01-17 18:08:39	45.53146	-122.657317	10	239926204
2023-01-17 18:08:49	45.53146	-122.65592	10.8	239926204
2023-01-17 18:08:54	45.531462	-122.655188	11.2	239926204
2023-01-17 18:09:39	45.531372	-122.652213	5.07	239926204
2023-01-17 18:09:44	45.531368	-122.652075	1.8	239926204
2023-01-17 18:10:24	45.531433	-122.651083	2.05	239926204
2023-01-17 18:11:53	45.531477	-122.649492	1.37	239926204
2023-01-17 18:11:58	45.531668	-122.649342	5.2	239926204
2023-01-17 18:12:03	45.532012	-122.64937	7.8	239926204
2023-01-17 18:13:28	45.534277	-122.650413	3.26	239926204
2023-01-17 18:13:38	45.53476	-122.650388	5	239926204
2023-01-17 18:14:03	45.535347	-122.650442	2.76	239926204
2023-01-17 18:14:13	45.536087	-122.650433	7.9	239926204
2023-01-17 18:14:18	45.5363	-122.65043	4.2	239926204
2023-01-17 18:14:38	45.536815	-122.650445	3.1	239926204
2023-01-17 18:14:53	45.538188	-122.650453	9.87	239926204
2023-01-17 18:15:03	45.5388	-122.650427	6.4	239926204
2023-01-17 18:15:23	45.539062	-122.650435	1.6	239926204
2023-01-17 18:15:33	45.539895	-122.65045	9.3	239926204
2023-01-17 18:15:38	45.540245	-122.650437	7.4	239926204
2023-01-17 18:15:43	45.540627	-122.650428	8.6	239926204
2023-01-17 18:15:48	45.541078	-122.650445	10.2	239926204
2023-01-17 18:16:05	45.54269	-122.650447	10.35	239926204
2023-01-17 18:16:10	45.543055	-122.650445	7.8	239926204
2023-01-17 18:16:30	45.544753	-122.650447	9.3	239926204
2023-01-17 18:17:00	45.545775	-122.650418	3.8	239926204
2023-01-17 18:17:20	45.547353	-122.650413	8.2	239926204
2023-01-17 18:17:25	45.547675	-122.650415	7	239926204
2023-01-17 18:17:55	45.548342	-122.65038	2.43	239926204
2023-01-17 18:18:10	45.549577	-122.650395	9	239926204
2023-01-17 18:18:25	45.55061	-122.650355	7.67	239926204
2023-01-17 18:19:00	45.551558	-122.650372	2.94	239926204
2023-01-17 18:19:05	45.551945	-122.650355	8.6	239926204
2023-01-17 18:19:15	45.552742	-122.650365	8.8	239926204
2023-01-17 18:19:35	45.554492	-122.650365	9.6	239926204
2023-01-17 18:20:20	45.556088	-122.64972	4.22	239926204
2023-01-17 18:21:00	45.55701	-122.649718	2.52	239926204
2023-01-17 18:21:10	45.557938	-122.649722	10.2	239926204
2023-01-17 18:24:35	45.563897	-122.650117	3.27	239926204
2023-01-17 18:25:05	45.564593	-122.650062	2.53	239926204
2023-01-17 18:25:15	45.565395	-122.650048	8.8	239926204
2023-01-17 18:25:25	45.566072	-122.650015	7.3	239926204
2023-01-17 18:25:50	45.566698	-122.650002	2.76	239926204
2023-01-17 18:25:55	45.567185	-122.649995	10.8	239926204
2023-01-17 18:26:00	45.567718	-122.649992	11.6	239926204
2023-01-17 18:26:10	45.568315	-122.649975	6.5	239926204
2023-01-17 18:27:20	45.570412	-122.650032	3.27	239926204
2023-01-17 18:27:30	45.571058	-122.650032	7.2	239926204
2023-01-17 18:27:35	45.571435	-122.650033	8.2	239926204
2023-01-17 18:27:40	45.571622	-122.65003	4	239926204
2023-01-17 18:28:10	45.57191	-122.650665	2.5	239926204
2023-01-17 18:28:30	45.571802	-122.653482	10.9	239926204
2023-01-17 18:28:35	45.571807	-122.654297	12.4	239926204
2023-01-17 18:28:40	45.571803	-122.655087	12.2	239926204
2023-01-17 18:28:50	45.57181	-122.656513	10.9	239926204
2023-01-17 18:29:10	45.571797	-122.659075	9.85	239926204
2023-01-17 18:29:15	45.571797	-122.659768	10.8	239926204
2023-01-17 18:29:25	45.57182	-122.66073	7.2	239926204
2023-01-17 18:30:30	45.5742	-122.661302	4.72	239926204
2023-01-17 18:31:00	45.576955	-122.661273	9.93	239926204
2023-01-17 18:32:10	45.579318	-122.661343	3.74	239926204
2023-01-17 18:32:15	45.579962	-122.66134	14	239926204
2023-01-17 18:32:35	45.580738	-122.662153	6.75	239926204
2023-01-17 18:33:05	45.58073	-122.662508	0.83	239926204
2023-01-17 18:33:20	45.58073	-122.662508	0	239926204
2023-01-17 18:33:30	45.58073	-122.662508	0	239926204
2023-01-17 18:33:45	45.58073	-122.662508	0	239926204
2023-01-17 18:34:00	45.58073	-122.662508	0	239926204
2023-01-17 18:34:35	45.58073	-122.662508	0	239926204
2023-01-17 18:34:40	45.58073	-122.662508	0	239926204
2023-01-17 18:34:50	45.58073	-122.662508	0	239926204
2023-01-17 18:35:20	45.58073	-122.662508	0	239926204
2023-01-17 18:35:35	45.58073	-122.662508	0	239926204
2023-01-17 18:35:40	45.58073	-122.662508	0	239926204
2023-01-17 18:35:50	45.58073	-122.662508	0	239926204
2023-01-17 18:35:55	45.58073	-122.662508	0	239926204
2023-01-17 18:36:05	45.58073	-122.662508	0	239926204
2023-01-17 18:36:10	45.58073	-122.662508	0	239926204
2023-01-17 18:36:20	45.58073	-122.662508	0	239926204
2023-01-17 18:36:35	45.58073	-122.662508	0	239926204
2023-01-17 18:36:55	45.58073	-122.662508	0	239926204
2023-01-17 18:37:15	45.58073	-122.662508	0	239926204
2023-01-17 18:37:25	45.58073	-122.662508	0	239926204
2023-01-17 18:37:45	45.58073	-122.662508	0	239926204
2023-01-17 18:37:50	45.58073	-122.662508	0	239926204
2023-01-17 18:38:15	45.58073	-122.662508	0	239926204
2023-01-17 18:38:35	45.58073	-122.662508	0	239926204
2023-01-17 18:38:40	45.58073	-122.662508	0	239926204
2023-01-17 18:38:50	45.58073	-122.662508	0	239926204
2023-01-17 18:39:00	45.58073	-122.662508	0	239926204
2023-01-17 18:39:10	45.58073	-122.662508	0	239926204
2023-01-17 18:39:15	45.58073	-122.662508	0	239926204
2023-01-17 18:39:35	45.58073	-122.662508	0	239926204
2023-01-17 18:39:50	45.58073	-122.662508	0	239926204
2023-01-17 18:39:55	45.58073	-122.662508	0	239926204
2023-01-17 18:40:35	45.58073	-122.662508	0	239926204
2023-01-17 18:40:45	45.58073	-122.662508	0	239926204
2023-01-17 18:41:05	45.58073	-122.662508	0	239926204
2023-01-17 18:41:10	45.58073	-122.662508	0	239926204
2023-01-17 18:41:30	45.58073	-122.662508	0	239926204
2023-01-17 18:42:00	45.58073	-122.662508	0	239926204
2023-01-17 18:42:30	45.58073	-122.662508	0	239926204
2023-01-17 18:42:55	45.58073	-122.662508	0	239926204
2023-01-17 18:43:09	45.58073	-122.662508	0	239926204
2023-01-17 18:43:34	45.58073	-122.662508	0	239926204
2023-01-17 18:43:39	45.58073	-122.662508	0	239926204
2023-01-17 18:44:09	45.58073	-122.662508	0	239926204
2023-01-17 18:44:14	45.58073	-122.662508	0	239926204
2023-01-17 18:44:39	45.58073	-122.662508	0	239926204
2023-01-17 18:44:44	45.58073	-122.662508	0	239926204
2023-01-17 18:44:54	45.58073	-122.662508	0	239926204
2023-01-17 18:44:59	45.58073	-122.662508	0	239926204
2023-01-17 18:45:04	45.58073	-122.662508	0	239926204
2023-01-17 18:45:09	45.58073	-122.662508	0	239926204
2023-01-17 18:45:24	45.58073	-122.662508	0	239926204
2023-01-17 18:45:34	45.58073	-122.662508	0	239926204
2023-01-17 18:45:39	45.58073	-122.662508	0	239926204
2023-01-17 18:45:49	45.58073	-122.662508	0	239926204
2023-01-17 18:45:59	45.58073	-122.662508	0	239926204
2023-01-17 18:46:04	45.58073	-122.662508	0	239926204
2023-01-17 18:46:09	45.58073	-122.662508	0	239926204
2023-01-17 18:46:14	45.58073	-122.662508	0	239926204
2023-01-17 18:46:24	45.58073	-122.662508	0	239926204
2023-01-17 17:24:33	45.500013	-122.684613	2.71	239926204
2023-01-17 17:25:08	45.500507	-122.68392	2.11	239926204
2023-01-17 17:25:23	45.499933	-122.683703	5.93	239926204
2023-01-17 17:25:38	45.499157	-122.684938	8.67	239926204
2023-01-17 17:26:08	45.49842	-122.686757	5.67	239926204
2023-01-17 17:28:28	45.498163	-122.685092	1.14	239926204
2023-01-17 17:28:33	45.498228	-122.684633	7.2	239926204
2023-01-17 17:28:38	45.498333	-122.68424	6.4	239926204
2023-01-17 17:28:53	45.498775	-122.683403	5.4	239926204
2023-01-17 17:28:58	45.498952	-122.68314	5.6	239926204
2023-01-17 17:29:03	45.499028	-122.68302	2.6	239926204
2023-01-17 17:29:08	45.499072	-122.682945	1.6	239926204
2023-01-17 17:29:14	45.499098	-122.682902	0.67	239926204
2023-01-17 17:29:23	45.499383	-122.682878	2.78	239926204
2023-01-17 17:29:28	45.499558	-122.682827	6	239926204
2023-01-17 17:30:03	45.50278	-122.683913	11.03	239926204
2023-01-17 17:30:18	45.502585	-122.68562	9.53	239926204
2023-01-17 17:30:23	45.502497	-122.68592	5	239926204
2023-01-17 17:31:53	45.502455	-122.686102	0.18	239926204
2023-01-17 17:32:18	45.502407	-122.686342	0.84	239926204
2023-01-17 17:33:18	45.502338	-122.686967	0.83	239926204
2023-01-17 17:35:48	45.50238	-122.68731	0.18	239926204
2023-01-17 17:35:58	45.502508	-122.687537	2.3	239926204
2023-01-17 17:36:03	45.50263	-122.687563	1.6	239926204
2023-01-17 17:37:08	45.502758	-122.687557	0.17	239926204
2023-01-17 17:38:33	45.503095	-122.68656	1	239926204
2023-01-17 17:38:53	45.503497	-122.685732	3.75	239926204
2023-01-17 17:38:58	45.503503	-122.685718	0.2	239926204
2023-01-17 17:39:13	45.503697	-122.68536	2.27	239926204
2023-01-17 17:39:27	45.503917	-122.684913	3.07	239926204
2023-01-17 17:39:37	45.50405	-122.684653	2.5	239926204
2023-01-17 17:39:52	45.504347	-122.684328	2.67	239926204
2023-01-17 17:40:02	45.504507	-122.68426	1.7	239926204
2023-01-17 17:40:27	45.504522	-122.68426	0.12	239926204
2023-01-17 17:40:32	45.504613	-122.68425	2	239926204
2023-01-17 17:43:17	45.5048	-122.684255	0.13	239926204
2023-01-17 17:44:14	45.505573	-122.684378	1.56	239926204
2023-01-17 17:44:19	45.505895	-122.684292	7.2	239926204
2023-01-17 17:44:29	45.50657	-122.684212	7.3	239926204
2023-01-17 17:44:34	45.506733	-122.684205	3	239926204
2023-01-17 17:46:10	45.511083	-122.68291	5.2	239926204
2023-01-17 17:46:15	45.511388	-122.682693	7.2	239926204
2023-01-17 17:46:23	45.511572	-122.682607	2.12	239926204
2023-01-17 17:46:27	45.511572	-122.682607	0	239926204
2023-01-17 17:46:30	45.511608	-122.682595	1.67	239926204
2023-01-17 17:46:35	45.511727	-122.682538	2.8	239926204
2023-01-17 17:47:11	45.511938	-122.682407	0.69	239926204
2023-01-17 17:47:16	45.51206	-122.682323	3.2	239926204
2023-01-17 17:47:21	45.51218	-122.682257	2.2	239926204
2023-01-17 17:48:26	45.512882	-122.681922	1.28	239926204
2023-01-17 17:49:06	45.512935	-122.681898	0.1	239926204
2023-01-17 17:49:11	45.51303	-122.681803	2.6	239926204
2023-01-17 17:49:22	45.513143	-122.681718	1.27	239926204
2023-01-17 17:49:36	45.51344	-122.681538	2.5	239926204
2023-01-17 17:50:39	45.514002	-122.681285	1.03	239926204
2023-01-17 17:50:49	45.514578	-122.680983	6.6	239926204
2023-01-17 17:50:59	45.51521	-122.680645	7.4	239926204
2023-01-17 17:51:19	45.51589	-122.68025	4.1	239926204
2023-01-17 17:51:24	45.515933	-122.680217	1	239926204
2023-01-17 17:52:34	45.516163	-122.68007	0.4	239926204
2023-01-17 17:53:39	45.516585	-122.679912	0.74	239926204
2023-01-17 17:53:44	45.51672	-122.679837	3.2	239926204
2023-01-17 17:53:54	45.517295	-122.679517	6.7	239926204
2023-01-17 17:53:59	45.517682	-122.679305	9.2	239926204
2023-01-17 17:54:04	45.518015	-122.67911	8	239926204
2023-01-17 17:54:09	45.518175	-122.678978	4	239926204
2023-01-17 17:54:24	45.518853	-122.678687	5.13	239926204
2023-01-17 17:54:28	45.518892	-122.67868	1	239926204
2023-01-17 17:54:29	45.518892	-122.67868	0	239926204
2023-01-17 17:54:34	45.518895	-122.67868	0	239926204
2023-01-17 17:54:44	45.519142	-122.678482	3.2	239926204
2023-01-17 17:55:04	45.519495	-122.678262	2.1	239926204
2023-01-17 17:56:14	45.520782	-122.67758	2.16	239926204
2023-01-17 17:56:24	45.521047	-122.677443	3.1	239926204
2023-01-17 17:56:39	45.52175	-122.677135	5.47	239926204
2023-01-17 17:56:49	45.522198	-122.67692	5.3	239926204
2023-01-17 17:56:54	45.522398	-122.676762	4.8	239926204
2023-01-17 17:57:04	45.522598	-122.67664	2.3	239926204
2023-01-17 17:58:39	45.523285	-122.676395	0.81	239926204
2023-01-17 17:58:44	45.523535	-122.676413	5.2	239926204
2023-01-17 17:59:19	45.524428	-122.67643	2.71	239926204
2023-01-17 17:59:29	45.524967	-122.676457	5.9	239926204
2023-01-17 17:59:44	45.525223	-122.676132	2.93	239926204
2023-01-17 17:59:54	45.5252	-122.675663	3.6	239926204
2023-01-17 18:00:34	45.525255	-122.673942	3.35	239926204
2023-01-17 18:00:39	45.525262	-122.673432	7.8	239926204
2023-01-17 18:00:44	45.52527	-122.672982	6.8	239926204
2023-01-17 18:01:14	45.525293	-122.67221	2	239926204
2023-01-17 18:01:19	45.525303	-122.671783	6.4	239926204
2023-01-17 18:01:24	45.525307	-122.671628	2	239926204
2023-01-17 18:01:49	45.525343	-122.6713	1.12	239926204
2023-01-17 18:02:19	45.527353	-122.669532	9.67	239926204
2023-01-17 18:02:24	45.52763	-122.668883	11.8	239926204
2023-01-17 18:02:39	45.528602	-122.666913	12.33	239926204
2023-01-17 18:02:44	45.528723	-122.66633	9.2	239926204
2023-01-17 18:02:49	45.528717	-122.666078	3.4	239926204
2023-01-17 18:03:19	45.528985	-122.665593	2.07	239926204
2023-01-17 18:03:29	45.529602	-122.665995	7.4	239926204
2023-01-17 18:03:59	45.529673	-122.666168	0.47	239926204
2023-01-17 18:04:04	45.529738	-122.666328	3.2	239926204
2023-01-17 18:04:09	45.529885	-122.666668	6.2	239926204
2023-01-17 18:04:14	45.530012	-122.666915	4.6	239926204
2023-01-17 18:04:29	45.530525	-122.66637	5.07	239926204
2023-01-17 18:06:44	45.531333	-122.662242	2.56	239926204
2023-01-17 18:07:54	45.531425	-122.660167	2.3	239926204
2023-01-17 18:08:44	45.531462	-122.656623	5.58	239926204
2023-01-17 18:08:59	45.531442	-122.654517	10.73	239926204
2023-01-17 18:09:29	45.531448	-122.653222	3.37	239926204
2023-01-17 18:09:34	45.531442	-122.652588	9.8	239926204
2023-01-17 18:10:19	45.531422	-122.651623	1.69	239926204
2023-01-17 18:10:34	45.531447	-122.650045	8.07	239926204
2023-01-17 18:10:39	45.531453	-122.649883	2	239926204
2023-01-17 18:11:49	45.531455	-122.649788	0.13	239926204
2023-01-17 18:12:08	45.532223	-122.649337	5.74	239926204
2023-01-17 18:12:43	45.533037	-122.650202	3.43	239926204
2023-01-17 18:12:54	45.533843	-122.650408	8.27	239926204
2023-01-17 18:12:58	45.534102	-122.650408	6.25	239926204
2023-01-17 18:14:08	45.53574	-122.650443	2.61	239926204
2023-01-17 18:14:43	45.537262	-122.650443	4.8	239926204
2023-01-17 18:14:48	45.537752	-122.650455	10.8	239926204
2023-01-17 18:15:28	45.539452	-122.650452	4.65	239926204
2023-01-17 18:16:15	45.543462	-122.650442	9.36	239926204
2023-01-17 18:16:20	45.543928	-122.65044	10.2	239926204
2023-01-17 18:16:25	45.544375	-122.650445	9.6	239926204
2023-01-17 18:16:35	45.544998	-122.650418	6.4	239926204
2023-01-17 18:17:05	45.546138	-122.650418	4.03	239926204
2023-01-17 18:17:10	45.546543	-122.650417	10.8	239926204
2023-01-17 18:17:30	45.547963	-122.65038	7.35	239926204
2023-01-17 18:17:35	45.548112	-122.650368	3.4	239926204
2023-01-17 18:18:00	45.548733	-122.650403	2.68	239926204
2023-01-17 18:18:15	45.550017	-122.650397	9.4	239926204
2023-01-17 18:18:20	45.550377	-122.65038	7.8	239926204
2023-01-17 18:18:55	45.55123	-122.650378	2.69	239926204
2023-01-17 18:19:20	45.553097	-122.650368	8.2	239926204
2023-01-17 18:19:25	45.553548	-122.650373	10	239926204
2023-01-17 18:19:30	45.554017	-122.650368	10.4	239926204
2023-01-17 18:19:45	45.555168	-122.650213	8.6	239926204
2023-01-17 18:19:50	45.555332	-122.650005	4.8	239926204
2023-01-17 18:20:15	45.555742	-122.649737	2.04	239926204
2023-01-17 18:20:55	45.556603	-122.649722	2.35	239926204
2023-01-17 18:21:05	45.55748	-122.649722	9.6	239926204
2023-01-17 18:21:15	45.558373	-122.649718	9.9	239926204
2023-01-17 18:21:20	45.558753	-122.649713	8.4	239926204
2023-01-17 18:21:25	45.558962	-122.649707	4.6	239926204
2023-01-17 18:21:55	45.559412	-122.649705	1.63	239926204
2023-01-17 18:22:00	45.559832	-122.649698	9.2	239926204
2023-01-17 18:22:05	45.560175	-122.649695	7.6	239926204
2023-01-17 18:22:30	45.560805	-122.6497	2.8	239926204
2023-01-17 18:22:35	45.56135	-122.649695	11.8	239926204
2023-01-17 18:22:50	45.562522	-122.649677	8.6	239926204
2023-01-17 18:24:25	45.563037	-122.650133	0.77	239926204
2023-01-17 18:24:30	45.56345	-122.650123	9	239926204
2023-01-17 18:24:45	45.564412	-122.650045	6.93	239926204
2023-01-17 18:25:10	45.56497	-122.650058	2.48	239926204
2023-01-17 18:25:20	45.565807	-122.650047	9.2	239926204
2023-01-17 18:26:05	45.568132	-122.649987	5.64	239926204
2023-01-17 18:26:30	45.568595	-122.650045	2.04	239926204
2023-01-17 18:26:35	45.569015	-122.650043	9.4	239926204
2023-01-17 18:26:50	45.570277	-122.650035	9.13	239926204
2023-01-17 18:28:25	45.571798	-122.652675	3.98	239926204
2023-01-17 18:28:45	45.571802	-122.655828	12.1	239926204
2023-01-17 18:29:00	45.571793	-122.65766	9.4	239926204
2023-01-17 18:29:05	45.571795	-122.658353	10.6	239926204
2023-01-17 18:29:20	45.571802	-122.660405	10.47	239926204
2023-01-17 18:30:20	45.57313	-122.661322	3.57	239926204
2023-01-17 18:30:25	45.573667	-122.661307	11.6	239926204
2023-01-17 18:30:35	45.574827	-122.661297	12.8	239926204
2023-01-17 18:30:40	45.575458	-122.661292	13.8	239926204
2023-01-17 18:30:50	45.576397	-122.661278	10.1	239926204
2023-01-17 18:30:55	45.576742	-122.661273	7.4	239926204
2023-01-17 18:31:55	45.577525	-122.66128	1.43	239926204
2023-01-17 18:32:00	45.578072	-122.661288	12.2	239926204
2023-01-17 18:32:05	45.578677	-122.66134	13.2	239926204
2023-01-17 18:32:30	45.580743	-122.661742	9.76	239926204
2023-01-17 18:32:40	45.580733	-122.662457	5.4	239926204
2023-01-17 18:32:45	45.58073	-122.662508	0.6	239926204
2023-01-17 18:32:55	45.58073	-122.662508	0	239926204
2023-01-17 18:33:00	45.58073	-122.662508	0	239926204
2023-01-17 18:33:35	45.58073	-122.662508	0	239926204
2023-01-17 18:33:40	45.58073	-122.662508	0	239926204
2023-01-17 18:33:50	45.58073	-122.662508	0	239926204
2023-01-17 18:33:55	45.58073	-122.662508	0	239926204
2023-01-17 18:34:10	45.58073	-122.662508	0	239926204
2023-01-17 18:34:15	45.58073	-122.662508	0	239926204
2023-01-17 18:34:20	45.58073	-122.662508	0	239926204
2023-01-17 18:34:45	45.58073	-122.662508	0	239926204
2023-01-17 18:34:55	45.58073	-122.662508	0	239926204
2023-01-17 18:35:00	45.58073	-122.662508	0	239926204
2023-01-17 18:35:05	45.58073	-122.662508	0	239926204
2023-01-17 18:35:10	45.58073	-122.662508	0	239926204
2023-01-17 18:35:30	45.58073	-122.662508	0	239926204
2023-01-17 18:35:45	45.58073	-122.662508	0	239926204
2023-01-17 18:36:00	45.58073	-122.662508	0	239926204
2023-01-17 18:36:15	45.58073	-122.662508	0	239926204
2023-01-17 18:36:40	45.58073	-122.662508	0	239926204
2023-01-17 18:36:45	45.58073	-122.662508	0	239926204
2023-01-17 18:37:00	45.58073	-122.662508	0	239926204
2023-01-17 18:37:05	45.58073	-122.662508	0	239926204
2023-01-17 18:37:10	45.58073	-122.662508	0	239926204
2023-01-17 18:37:20	45.58073	-122.662508	0	239926204
2023-01-17 18:37:30	45.58073	-122.662508	0	239926204
2023-01-17 18:37:35	45.58073	-122.662508	0	239926204
2023-01-17 18:38:00	45.58073	-122.662508	0	239926204
2023-01-17 18:38:05	45.58073	-122.662508	0	239926204
2023-01-17 18:38:20	45.58073	-122.662508	0	239926204
2023-01-17 18:38:30	45.58073	-122.662508	0	239926204
2023-01-17 18:38:55	45.58073	-122.662508	0	239926204
2023-01-17 18:39:05	45.58073	-122.662508	0	239926204
2023-01-17 18:39:20	45.58073	-122.662508	0	239926204
2023-01-17 18:39:25	45.58073	-122.662508	0	239926204
2023-01-17 18:39:30	45.58073	-122.662508	0	239926204
2023-01-17 18:39:40	45.58073	-122.662508	0	239926204
2023-01-17 18:39:45	45.58073	-122.662508	0	239926204
2023-01-17 18:40:00	45.58073	-122.662508	0	239926204
2023-01-17 18:40:05	45.58073	-122.662508	0	239926204
2023-01-17 18:40:10	45.58073	-122.662508	0	239926204
2023-01-17 18:40:15	45.58073	-122.662508	0	239926204
2023-01-17 18:40:20	45.58073	-122.662508	0	239926204
2023-01-17 18:40:25	45.58073	-122.662508	0	239926204
2023-01-17 18:40:30	45.58073	-122.662508	0	239926204
2023-01-17 18:40:40	45.58073	-122.662508	0	239926204
2023-01-17 18:40:55	45.58073	-122.662508	0	239926204
2023-01-17 18:41:00	45.58073	-122.662508	0	239926204
2023-01-17 18:41:25	45.58073	-122.662508	0	239926204
2023-01-17 18:41:40	45.58073	-122.662508	0	239926204
2023-01-17 18:41:50	45.58073	-122.662508	0	239926204
2023-01-17 18:41:55	45.58073	-122.662508	0	239926204
2023-01-17 18:42:10	45.58073	-122.662508	0	239926204
2023-01-17 18:42:15	45.58073	-122.662508	0	239926204
2023-01-17 18:42:20	45.58073	-122.662508	0	239926204
2023-01-17 18:42:25	45.58073	-122.662508	0	239926204
2023-01-17 18:42:35	45.58073	-122.662508	0	239926204
2023-01-17 18:42:40	45.58073	-122.662508	0	239926204
2023-01-17 18:42:45	45.58073	-122.662508	0	239926204
2023-01-17 18:42:59	45.58073	-122.662508	0	239926204
2023-01-17 18:43:05	45.58073	-122.662508	0	239926204
2023-01-17 18:43:19	45.58073	-122.662508	0	239926204
2023-01-17 18:43:24	45.58073	-122.662508	0	239926204
2023-01-17 18:43:44	45.58073	-122.662508	0	239926204
2023-01-17 18:43:49	45.58073	-122.662508	0	239926204
2023-01-17 18:44:24	45.58073	-122.662508	0	239926204
2023-01-17 18:44:34	45.58073	-122.662508	0	239926204
2023-01-17 18:45:29	45.58073	-122.662508	0	239926204
2023-01-17 18:45:54	45.58073	-122.662508	0	239926204
2023-01-17 18:46:19	45.58073	-122.662508	0	239926204
2023-01-17 18:46:29	45.58073	-122.662508	0	239926204
2023-01-17 18:46:39	45.58073	-122.662508	0	239926204
2023-01-17 18:46:44	45.58073	-122.662508	0	239926204
2023-01-17 18:46:54	45.58073	-122.662508	0	239926204
2023-01-18 14:18:45	45.503328	-122.844183	0	240515457
2023-01-18 14:18:50	45.503373	-122.844263	1.6	240515457
2023-01-18 14:19:00	45.503715	-122.844205	3.9	240515457
2023-01-18 14:19:20	45.504543	-122.843755	4.7	240515457
2023-01-18 14:20:10	45.50553	-122.842007	4	240515457
2023-01-18 14:19:05	45.503928	-122.8441	4.15	240515457
2023-01-18 14:19:10	45.504155	-122.843973	5.2	240515457
2023-01-18 14:19:15	45.504375	-122.843857	5	240515457
2023-01-18 14:19:25	45.504635	-122.843705	3	240515457
2023-01-18 14:19:30	45.504778	-122.843633	3.4	240515457
2023-01-18 14:19:35	45.504985	-122.843552	4.6	240515457
2023-01-18 14:19:45	45.505307	-122.84334	4	240515457
2023-01-18 14:19:50	45.505388	-122.842998	5.4	240515457
2023-01-18 14:19:55	45.505473	-122.842683	5.2	240515457
2023-01-18 14:20:05	45.505622	-122.842145	4.3	240515457
2023-01-18 14:20:15	45.505452	-122.842023	2.1	240515457
2023-01-18 14:18:55	45.503525	-122.844295	4.08	240515457
2023-01-18 14:19:40	45.50515	-122.843493	4.18	240515457
2023-01-18 14:20:00	45.50557	-122.842393	4.95	240515457
2023-01-19 13:42:48	45.505538	-122.842032	0	241120369
2023-01-19 13:43:03	45.505242	-122.843102	6.6	241120369
2023-01-19 13:43:18	45.504772	-122.843712	4.87	241120369
2023-01-19 13:43:38	45.504667	-122.843763	0.75	241120369
2023-01-19 13:43:48	45.504252	-122.843897	5	241120369
2023-01-19 13:43:58	45.503817	-122.844225	5.5	241120369
2023-01-19 13:44:03	45.503618	-122.844468	5.6	241120369
2023-01-19 13:44:18	45.503255	-122.844792	2.93	241120369
2023-01-19 13:42:28	45.50532	-122.841792	3.62	241120369
2023-01-19 13:42:53	45.505568	-122.842295	2.28	241120369
2023-01-19 13:43:53	45.504027	-122.844037	4.03	241120369
2023-01-19 13:44:08	45.503435	-122.844672	5.27	241120369
2023-01-19 13:44:13	45.50332	-122.844755	2.8	241120369
2023-01-19 13:42:33	45.50548	-122.841845	3.72	241120369
2023-01-19 13:42:38	45.505532	-122.842008	2.2	241120369
2023-01-19 13:42:58	45.505408	-122.84267	3.15	241120369
2023-01-19 13:43:08	45.50513	-122.843485	7	241120369
2023-01-19 13:43:13	45.50492	-122.843645	5.2	241120369
2023-01-19 13:43:43	45.50447	-122.843817	1.83	241120369
2023-01-19 17:00:05	45.503272	-122.686078	0	241787320
2023-01-19 17:00:10	45.503442	-122.685802	5.4	241787320
2023-01-19 17:00:30	45.503623	-122.68548	1.5	241787320
2023-01-19 17:00:45	45.503882	-122.684958	3.33	241787320
2023-01-19 17:01:00	45.503997	-122.684745	1.33	241787320
2023-01-19 17:02:25	45.504598	-122.68428	0.91	241787320
2023-01-19 17:02:40	45.504777	-122.684297	1.27	241787320
2023-01-19 17:02:50	45.504778	-122.684297	0	241787320
2023-01-19 17:03:05	45.50507	-122.684317	2.2	241787320
2023-01-19 17:03:08	45.505067	-122.6843	0	241787320
2023-01-19 17:05:05	45.50815	-122.684188	2.91	241787320
2023-01-19 17:05:10	45.508663	-122.684177	11.2	241787320
2023-01-19 17:06:00	45.510228	-122.683412	3.62	241787320
2023-01-19 17:06:30	45.511612	-122.68261	5.4	241787320
2023-01-19 17:06:55	45.512662	-122.682055	5	241787320
2023-01-19 17:07:00	45.512878	-122.681942	4.8	241787320
2023-01-19 17:07:05	45.512955	-122.681912	1.4	241787320
2023-01-19 17:07:15	45.513445	-122.681605	6.1	241787320
2023-01-19 17:07:50	45.513808	-122.681432	1.17	241787320
2023-01-19 17:08:00	45.514	-122.681365	2.1	241787320
2023-01-19 17:08:05	45.514045	-122.681357	0.8	241787320
2023-01-19 17:08:57	45.514287	-122.681243	0.52	241787320
2023-01-19 17:10:10	45.515295	-122.681315	1.89	241787320
2023-01-19 17:11:10	45.515678	-122.683045	2.3	241787320
2023-01-19 17:12:25	45.516417	-122.685795	3.04	241787320
2023-01-19 17:12:45	45.516633	-122.686585	3.05	241787320
2023-01-19 17:13:30	45.517632	-122.69043	7.13	241787320
2023-01-19 17:14:00	45.517842	-122.692033	4	241787320
2023-01-19 17:14:35	45.517823	-122.693175	2.86	241787320
2023-01-19 17:15:29	45.516982	-122.690705	4.15	241787320
2023-01-19 16:39:09	45.497492	-122.682757	2.55	241787320
2023-01-19 16:39:19	45.497232	-122.683147	4.2	241787320
2023-01-19 16:40:44	45.495903	-122.684138	1.98	241787320
2023-01-19 16:40:59	45.496163	-122.684672	3.87	241787320
2023-01-19 16:41:33	45.49689	-122.686037	4.56	241787320
2023-01-19 16:42:18	45.497253	-122.68789	3.36	241787320
2023-01-19 16:42:23	45.497343	-122.688327	6.8	241787320
2023-01-19 16:42:38	45.497718	-122.689457	6.6	241787320
2023-01-19 16:42:43	45.498053	-122.689615	7.8	241787320
2023-01-19 16:43:13	45.499105	-122.68822	5.37	241787320
2023-01-19 16:43:23	45.499138	-122.687785	3.5	241787320
2023-01-19 16:44:43	45.499202	-122.686157	1.57	241787320
2023-01-19 16:45:43	45.499733	-122.684852	2.08	241787320
2023-01-19 16:46:18	45.500007	-122.683388	4.66	241787320
2023-01-19 16:47:18	45.498717	-122.685683	3.82	241787320
2023-01-19 16:47:28	45.498677	-122.686307	4.9	241787320
2023-01-19 16:48:39	45.498373	-122.683807	4.51	241787320
2023-01-19 16:48:44	45.498482	-122.683593	4	241787320
2023-01-19 16:50:00	45.50095	-122.682713	3.87	241787320
2023-01-19 16:50:10	45.501883	-122.68321	11	241787320
2023-01-19 16:50:25	45.502883	-122.684178	9.13	241787320
2023-01-19 16:53:00	45.502383	-122.686308	1.15	241787320
2023-01-19 16:54:25	45.502357	-122.686815	0.47	241787320
2023-01-19 16:56:30	45.50242	-122.687258	0.28	241787320
2023-01-19 16:59:15	45.502883	-122.687477	0.25	241787320
2023-01-19 16:59:45	45.503027	-122.687118	1.13	241787320
2023-01-19 16:59:55	45.503087	-122.686643	3.9	241787320
2023-01-19 17:00:15	45.503565	-122.68558	4.85	241787320
2023-01-19 17:00:20	45.503615	-122.685492	1.6	241787320
2023-01-19 17:00:35	45.503708	-122.68531	1.2	241787320
2023-01-19 17:00:40	45.503807	-122.685107	3.8	241787320
2023-01-19 17:00:50	45.503927	-122.684875	2.2	241787320
2023-01-19 17:00:55	45.503962	-122.684813	1.2	241787320
2023-01-19 17:01:45	45.504163	-122.684492	0.66	241787320
2023-01-19 17:02:10	45.504338	-122.68435	0.84	241787320
2023-01-19 17:02:15	45.504432	-122.684308	2.2	241787320
2023-01-19 17:02:35	45.504748	-122.684292	1.7	241787320
2023-01-19 17:03:06	45.505067	-122.6843	1.16	241787320
2023-01-19 17:03:15	45.505213	-122.684315	1.78	241787320
2023-01-19 17:03:20	45.505432	-122.684352	5	241787320
2023-01-19 17:03:25	45.505712	-122.684398	6	241787320
2023-01-19 17:04:50	45.506958	-122.68423	1.6	241787320
2023-01-19 17:05:00	45.507662	-122.6842	7.9	241787320
2023-01-19 17:05:20	45.509397	-122.683893	9.6	241787320
2023-01-19 17:05:25	45.509588	-122.683778	4.4	241787320
2023-01-19 17:05:55	45.509982	-122.683553	1.6	241787320
2023-01-19 17:06:15	45.511123	-122.682893	6.8	241787320
2023-01-19 17:06:25	45.511575	-122.682618	5.1	241787320
2023-01-19 17:06:40	45.512063	-122.682373	3.87	241787320
2023-01-19 17:06:45	45.512217	-122.682293	3.4	241787320
2023-01-19 17:06:50	45.512353	-122.682223	3.6	241787320
2023-01-19 17:07:10	45.513168	-122.681787	4.8	241787320
2023-01-19 17:07:20	45.513572	-122.68153	4.5	241787320
2023-01-19 17:08:15	45.514052	-122.681355	0.98	241787320
2023-01-19 17:08:45	45.514103	-122.681338	0.2	241787320
2023-01-19 17:09:00	45.514315	-122.681232	1.6	241787320
2023-01-19 17:09:05	45.514532	-122.681115	5.4	241787320
2023-01-19 17:09:15	45.514892	-122.68092	4	241787320
2023-01-19 17:10:05	45.515203	-122.680997	0.82	241787320
2023-01-19 17:10:15	45.515333	-122.681447	3.4	241787320
2023-01-19 17:10:50	45.51547	-122.682153	1.69	241787320
2023-01-19 17:11:15	45.515743	-122.68336	3.88	241787320
2023-01-19 17:11:30	45.516055	-122.684422	5.87	241787320
2023-01-19 17:11:35	45.51612	-122.684613	2.6	241787320
2023-01-19 17:11:55	45.516213	-122.685063	1.85	241787320
2023-01-19 17:12:30	45.51649	-122.686037	2.34	241787320
2023-01-19 17:12:35	45.516567	-122.686307	4.8	241787320
2023-01-19 17:12:40	45.516628	-122.686552	3.4	241787320
2023-01-19 17:12:50	45.516632	-122.686588	0.2	241787320
2023-01-19 17:13:40	45.517753	-122.691422	7.98	241787320
2023-01-19 17:13:45	45.517815	-122.691835	6	241787320
2023-01-19 17:14:05	45.517862	-122.692198	1.45	241787320
2023-01-19 17:14:10	45.517928	-122.692587	6.4	241787320
2023-01-19 17:14:15	45.517977	-122.692923	4.8	241787320
2023-01-19 17:14:45	45.517518	-122.692917	2.17	241787320
2023-01-19 17:15:24	45.517148	-122.691333	3.46	241787320
2023-01-19 16:39:04	45.49752	-122.68247	2.54	241787320
2023-01-19 16:40:14	45.496892	-122.683383	1.51	241787320
2023-01-19 16:40:19	45.49675	-122.683473	3.6	241787320
2023-01-19 16:40:24	45.4966	-122.683588	3.8	241787320
2023-01-19 16:40:39	45.495992	-122.683938	4.87	241787320
2023-01-19 16:40:49	45.495905	-122.684313	2.9	241787320
2023-01-19 16:40:54	45.495973	-122.684548	4.2	241787320
2023-01-19 16:41:04	45.496373	-122.684617	4.7	241787320
2023-01-19 16:41:09	45.496553	-122.684668	4.2	241787320
2023-01-19 16:41:19	45.496677	-122.685062	3.3	241787320
2023-01-19 16:41:28	45.496838	-122.685778	6.44	241787320
2023-01-19 16:41:43	45.496983	-122.686512	3.8	241787320
2023-01-19 16:42:14	45.49716	-122.687428	2.48	241787320
2023-01-19 16:42:33	45.497513	-122.68908	7	241787320
2023-01-19 16:42:48	45.498388	-122.68952	7.4	241787320
2023-01-19 16:42:53	45.498643	-122.689193	7.6	241787320
2023-01-19 16:42:58	45.49884	-122.688772	8	241787320
2023-01-19 16:43:08	45.499102	-122.688227	4.7	241787320
2023-01-19 16:43:12	45.499103	-122.688223	0	241787320
2023-01-19 16:43:18	45.499163	-122.688078	2.33	241787320
2023-01-19 16:43:33	45.499063	-122.687287	3.93	241787320
2023-01-19 16:44:33	45.499163	-122.68655	1.03	241787320
2023-01-19 16:44:48	45.499212	-122.686	2.73	241787320
2023-01-19 16:44:53	45.499217	-122.685752	3.6	241787320
2023-01-19 16:45:38	45.49954	-122.685142	1.4	241787320
2023-01-19 16:45:53	45.500122	-122.684313	5.93	241787320
2023-01-19 16:46:03	45.500433	-122.683933	4.1	241787320
2023-01-19 16:46:08	45.500422	-122.68379	2.2	241787320
2023-01-19 16:46:13	45.500297	-122.683495	4.8	241787320
2023-01-19 16:46:33	45.499367	-122.684403	6.95	241787320
2023-01-19 16:46:38	45.499173	-122.684813	8	241787320
2023-01-19 16:47:23	45.498673	-122.685938	2.18	241787320
2023-01-19 16:47:43	45.498458	-122.686847	4.15	241787320
2023-01-19 16:47:53	45.498198	-122.686795	2.7	241787320
2023-01-19 16:48:09	45.49805	-122.685672	5.62	241787320
2023-01-19 16:48:14	45.498072	-122.6852	7.2	241787320
2023-01-19 16:48:19	45.498088	-122.684833	5.6	241787320
2023-01-19 16:48:24	45.498103	-122.684575	3.8	241787320
2023-01-19 16:48:29	45.498198	-122.684192	6	241787320
2023-01-19 16:49:30	45.49895	-122.682867	2.1	241787320
2023-01-19 16:49:35	45.49907	-122.682807	2	241787320
2023-01-19 16:49:45	45.499667	-122.682623	6.7	241787320
2023-01-19 16:49:50	45.500035	-122.682398	8.6	241787320
2023-01-19 16:50:05	45.501423	-122.68297	10.53	241787320
2023-01-19 16:50:30	45.502845	-122.684715	9.32	241787320
2023-01-19 16:50:40	45.502562	-122.685548	7.2	241787320
2023-01-19 16:52:10	45.502475	-122.68585	0.29	241787320
2023-01-19 16:52:40	45.502445	-122.685968	0.33	241787320
2023-01-19 16:52:45	45.50243	-122.686065	1.6	241787320
2023-01-19 16:54:05	45.502382	-122.686402	0.36	241787320
2023-01-19 16:54:10	45.502372	-122.686503	1.6	241787320
2023-01-19 16:54:15	45.50236	-122.68664	2.2	241787320
2023-01-19 16:54:45	45.502362	-122.686897	0.67	241787320
2023-01-19 16:54:50	45.502368	-122.686992	1.4	241787320
2023-01-19 16:55:20	45.502377	-122.687052	0.17	241787320
2023-01-19 16:55:25	45.502397	-122.68719	2.2	241787320
2023-01-19 16:55:30	45.50241	-122.687232	0.6	241787320
2023-01-19 16:56:40	45.502495	-122.687423	0.23	241787320
2023-01-19 16:59:05	45.502507	-122.68744	0.01	241787320
2023-01-19 16:59:20	45.502957	-122.687415	2.33	241787320
2023-01-19 16:59:25	45.502997	-122.687345	1.2	241787320
2023-01-19 16:59:40	45.503008	-122.687282	0.33	241787320
2023-01-19 16:59:50	45.503045	-122.68691	3.1	241787320
2023-01-19 17:00:00	45.503155	-122.686357	4.6	241787320
2023-01-19 17:01:40	45.504102	-122.684573	1.69	241787320
2023-01-19 17:01:50	45.504253	-122.684403	2.2	241787320
2023-01-19 17:01:55	45.504312	-122.684365	1.2	241787320
2023-01-19 17:02:20	45.504533	-122.684285	1	241787320
2023-01-19 17:02:30	45.504683	-122.684283	1.6	241787320
2023-01-19 17:02:55	45.504848	-122.684302	0.76	241787320
2023-01-19 17:03:00	45.50499	-122.684323	3.2	241787320
2023-01-19 17:03:10	45.505082	-122.684298	0.9	241787320
2023-01-19 17:03:30	45.505852	-122.684385	4.15	241787320
2023-01-19 17:03:35	45.505915	-122.684343	1.4	241787320
2023-01-19 17:03:40	45.506037	-122.684308	2.8	241787320
2023-01-19 17:03:45	45.506313	-122.684275	6.4	241787320
2023-01-19 17:03:50	45.506602	-122.684262	6.2	241787320
2023-01-19 17:03:55	45.506808	-122.684255	4.4	241787320
2023-01-19 17:04:55	45.507252	-122.684207	0.83	241787320
2023-01-19 17:05:15	45.509087	-122.684067	10.1	241787320
2023-01-19 17:05:50	45.509712	-122.683703	2.09	241787320
2023-01-19 17:06:05	45.510482	-122.68327	6.13	241787320
2023-01-19 17:06:10	45.510785	-122.683095	7.4	241787320
2023-01-19 17:06:20	45.511423	-122.682687	7.6	241787320
2023-01-19 17:06:35	45.511788	-122.682525	2.8	241787320
2023-01-19 17:07:55	45.5139	-122.681393	3.06	241787320
2023-01-19 17:08:20	45.514078	-122.681348	0.72	241787320
2023-01-19 17:08:50	45.514212	-122.681283	0.57	241787320
2023-01-19 17:08:55	45.514287	-122.681245	1.4	241787320
2023-01-19 17:08:56	45.514287	-122.681243	0	241787320
2023-01-19 17:09:10	45.514758	-122.680988	4.07	241787320
2023-01-19 17:09:55	45.514925	-122.680907	0.4	241787320
2023-01-19 17:10:00	45.515043	-122.68085	3	241787320
2023-01-19 17:10:55	45.515542	-122.682482	2.56	241787320
2023-01-19 17:11:00	45.515617	-122.6828	5	241787320
2023-01-19 17:11:05	45.515648	-122.682898	1.2	241787320
2023-01-19 17:11:20	45.515838	-122.683732	4.73	241787320
2023-01-19 17:11:25	45.515937	-122.684097	6	241787320
2023-01-19 17:12:15	45.516223	-122.685093	1.6	241787320
2023-01-19 17:12:20	45.516295	-122.685365	5	241787320
2023-01-19 17:12:49	45.516633	-122.686585	3.34	241787320
2023-01-19 17:12:55	45.516675	-122.686763	2.83	241787320
2023-01-19 17:13:00	45.516773	-122.68712	6.2	241787320
2023-01-19 17:13:10	45.517053	-122.688267	9.5	241787320
2023-01-19 17:13:15	45.51722	-122.688852	9.8	241787320
2023-01-19 17:13:20	45.517358	-122.689363	8.4	241787320
2023-01-19 17:13:25	45.517507	-122.689907	9	241787320
2023-01-19 17:13:35	45.517687	-122.690938	8.1	241787320
2023-01-19 17:13:50	45.517842	-122.692022	5.4	241787320
2023-01-19 17:14:30	45.517967	-122.693008	1.98	241787320
2023-01-19 17:14:40	45.517608	-122.693097	4.5	241787320
2023-01-19 17:15:19	45.517343	-122.691933	2.51	241787320
2023-01-19 16:38:59	45.497447	-122.68216	2.53	241787320
2023-01-19 16:39:14	45.49739	-122.682982	4.33	241787320
2023-01-19 16:39:24	45.49711	-122.683267	3.6	241787320
2023-01-19 16:40:29	45.496422	-122.683702	1.34	241787320
2023-01-19 16:40:33	45.496212	-122.683787	6	241787320
2023-01-19 16:41:14	45.496628	-122.684883	3.95	241787320
2023-01-19 16:41:23	45.496765	-122.685417	5.11	241787320
2023-01-19 16:41:38	45.496938	-122.686303	4.67	241787320
2023-01-19 16:43:03	45.49902	-122.688397	5.27	241787320
2023-01-19 16:43:10	45.499103	-122.688223	1.86	241787320
2023-01-19 16:43:28	45.49907	-122.687458	3.44	241787320
2023-01-19 16:44:38	45.499197	-122.68621	1.39	241787320
2023-01-19 16:44:42	45.499202	-122.686157	0.5	241787320
2023-01-19 16:45:48	45.499923	-122.68457	2.36	241787320
2023-01-19 16:45:58	45.500347	-122.684097	5.6	241787320
2023-01-19 16:46:23	45.499787	-122.683698	4.64	241787320
2023-01-19 16:46:28	45.499562	-122.684062	7.4	241787320
2023-01-19 16:46:43	45.499	-122.685125	6.87	241787320
2023-01-19 16:46:48	45.498928	-122.68526	2.2	241787320
2023-01-19 16:47:33	45.498647	-122.686657	2.58	241787320
2023-01-19 16:47:38	45.498507	-122.686822	4	241787320
2023-01-19 16:47:48	45.498407	-122.686865	1.1	241787320
2023-01-19 16:47:58	45.498063	-122.686515	4.8	241787320
2023-01-19 16:48:04	45.498042	-122.68609	5.5	241787320
2023-01-19 16:48:34	45.49832	-122.683915	5.67	241787320
2023-01-19 16:49:15	45.498648	-122.683265	1.49	241787320
2023-01-19 16:49:20	45.498877	-122.682975	5.8	241787320
2023-01-19 16:49:25	45.498933	-122.682883	2	241787320
2023-01-19 16:49:26	45.498933	-122.682883	0	241787320
2023-01-19 16:49:28	45.498933	-122.682883	0	241787320
2023-01-19 16:49:40	45.499337	-122.68284	3.17	241787320
2023-01-19 16:49:55	45.500485	-122.682478	8.8	241787320
2023-01-19 16:50:15	45.50232	-122.68344	10.75	241787320
2023-01-19 16:50:20	45.502682	-122.683688	8.8	241787320
2023-01-19 16:50:35	45.50269	-122.685183	8.27	241787320
2023-01-19 16:50:45	45.50251	-122.685723	4.7	241787320
2023-01-19 16:52:05	45.502497	-122.68577	0.05	241787320
2023-01-19 16:52:50	45.50241	-122.686168	0.76	241787320
2023-01-19 16:52:55	45.502395	-122.686248	1.4	241787320
2023-01-19 16:54:00	45.502383	-122.686325	0.09	241787320
2023-01-19 16:54:20	45.50235	-122.686765	1.8	241787320
2023-01-19 16:54:30	45.502358	-122.686878	0.8	241787320
2023-01-19 16:56:35	45.502442	-122.68732	0.28	241787320
2023-01-19 16:59:10	45.502645	-122.687508	0.14	241787320
(1216 rows)
