tstamp	latitude	longitude	speed	trip_id	trip_id	route_id	vehicle_id	service_key	direction
2023-01-16 12:45:10	45.519153	-122.438278	0	239247116	239247116	20	3322	Weekday	0
2023-01-16 12:45:50	45.519155	-122.441832	6.9	239247116	239247116	20	3322	Weekday	0
2023-01-16 12:46:00	45.519158	-122.443958	16.4	239247116	239247116	20	3322	Weekday	0
2023-01-16 12:46:15	45.519165	-122.447147	16.47	239247116	239247116	20	3322	Weekday	0
2023-01-16 12:47:20	45.519185	-122.455123	9.45	239247116	239247116	20	3322	Weekday	0
2023-01-16 12:47:55	45.51919	-122.456155	2.26	239247116	239247116	20	3322	Weekday	0
2023-01-16 12:48:05	45.519188	-122.45777	12.7	239247116	239247116	20	3322	Weekday	0
2023-01-16 12:55:35	45.519193	-122.496728	4.22	239247116	239247116	20	3322	Weekday	0
2023-01-16 12:55:45	45.519167	-122.49818	11.4	239247116	239247116	20	3322	Weekday	0
2023-01-16 12:56:25	45.519203	-122.500502	4.42	239247116	239247116	20	3322	Weekday	0
2023-01-16 12:56:50	45.519207	-122.504197	11.04	239247116	239247116	20	3322	Weekday	0
2023-01-16 12:57:39	45.519212	-122.508397	6.65	239247116	239247116	20	3322	Weekday	0
2023-01-16 12:59:34	45.519165	-122.519738	7.62	239247116	239247116	20	3322	Weekday	0
2023-01-16 12:59:44	45.51915	-122.52136	12.6	239247116	239247116	20	3322	Weekday	0
2023-01-16 13:00:09	45.519145	-122.525372	12.4	239247116	239247116	20	3322	Weekday	0
2023-01-16 13:00:59	45.519132	-122.528635	5.04	239247116	239247116	20	3322	Weekday	0
2023-01-16 13:01:04	45.519125	-122.529415	12	239247116	239247116	20	3322	Weekday	0
2023-01-16 13:01:14	45.519113	-122.53109	13	239247116	239247116	20	3322	Weekday	0
2023-01-16 13:01:29	45.519117	-122.533253	11.13	239247116	239247116	20	3322	Weekday	0
2023-01-16 13:01:55	45.519108	-122.534112	2.54	239247116	239247116	20	3322	Weekday	0
2023-01-16 13:04:52	45.519082	-122.539177	2.22	239247116	239247116	20	3322	Weekday	0
2023-01-16 13:05:32	45.519068	-122.541258	4	239247116	239247116	20	3322	Weekday	0
2023-01-16 13:05:37	45.519065	-122.541903	9.8	239247116	239247116	20	3322	Weekday	0
2023-01-16 13:05:47	45.519063	-122.542595	5.2	239247116	239247116	20	3322	Weekday	0
2023-01-16 13:05:52	45.519065	-122.542908	5.2	239247116	239247116	20	3322	Weekday	0
2023-01-16 13:07:22	45.519033	-122.547727	4.16	239247116	239247116	20	3322	Weekday	0
2023-01-16 13:07:32	45.519037	-122.549547	14.2	239247116	239247116	20	3322	Weekday	0
2023-01-16 12:49:25	45.519198	-122.46679	8.66	239247116	239247116	20	3322	Weekday	0
2023-01-16 12:49:35	45.519197	-122.466995	1.4	239247116	239247116	20	3322	Weekday	0
2023-01-16 12:49:37	45.519197	-122.466995	0.5	239247116	239247116	20	3322	Weekday	0
2023-01-16 12:50:25	45.51921	-122.470418	5.54	239247116	239247116	20	3322	Weekday	0
2023-01-16 12:50:35	45.519208	-122.471602	9.3	239247116	239247116	20	3322	Weekday	0
2023-01-16 13:08:17	45.519065	-122.555833	10.73	239247116	239247116	20	3322	Weekday	0
2023-01-16 13:08:27	45.519058	-122.556482	4.7	239247116	239247116	20	3322	Weekday	0
2023-01-16 13:08:37	45.519047	-122.556633	1.1	239247116	239247116	20	3322	Weekday	0
2023-01-16 13:08:47	45.51904	-122.557363	5.9	239247116	239247116	20	3322	Weekday	0
2023-01-16 13:08:52	45.519107	-122.557688	5	239247116	239247116	20	3322	Weekday	0
2023-01-16 13:09:02	45.519452	-122.55779	3.6	239247116	239247116	20	3322	Weekday	0
2023-01-16 13:09:47	45.522207	-122.55834	7.02	239247116	239247116	20	3322	Weekday	0
2023-01-16 13:11:02	45.522765	-122.559195	1.55	239247116	239247116	20	3322	Weekday	0
2023-01-16 13:11:52	45.522757	-122.562052	4.34	239247116	239247116	20	3322	Weekday	0
2023-01-16 13:13:32	45.522713	-122.568283	4.91	239247116	239247116	20	3322	Weekday	0
2023-01-16 13:13:47	45.522755	-122.570852	13.13	239247116	239247116	20	3322	Weekday	0
2023-01-16 13:14:52	45.522757	-122.575473	5.32	239247116	239247116	20	3322	Weekday	0
2023-01-16 13:17:46	45.52285	-122.586583	4.94	239247116	239247116	20	3322	Weekday	0
2023-01-16 13:18:01	45.523105	-122.58874	11.4	239247116	239247116	20	3322	Weekday	0
2023-01-16 13:18:16	45.523113	-122.591387	13.67	239247116	239247116	20	3322	Weekday	0
2023-01-16 13:19:27	45.523003	-122.597885	7.11	239247116	239247116	20	3322	Weekday	0
2023-01-16 12:50:40	45.51921	-122.472158	8.4	239247116	239247116	20	3322	Weekday	0
2023-01-16 12:51:05	45.519217	-122.475075	9.04	239247116	239247116	20	3322	Weekday	0
2023-01-16 12:51:55	45.519223	-122.47912	6.18	239247116	239247116	20	3322	Weekday	0
2023-01-16 12:54:50	45.519208	-122.494258	6.71	239247116	239247116	20	3322	Weekday	0
2023-01-16 13:32:39	45.523633	-122.65399	2.18	239247116	239247116	20	3322	Weekday	0
2023-01-16 13:21:17	45.522898	-122.605968	5.69	239247116	239247116	20	3322	Weekday	0
2023-01-16 13:22:32	45.522905	-122.610953	5.13	239247116	239247116	20	3322	Weekday	0
2023-01-16 13:23:22	45.522772	-122.618968	12.56	239247116	239247116	20	3322	Weekday	0
2023-01-16 13:23:27	45.522932	-122.619732	12.2	239247116	239247116	20	3322	Weekday	0
2023-01-16 13:23:52	45.523578	-122.622753	9.68	239247116	239247116	20	3322	Weekday	0
2023-01-16 13:25:37	45.522883	-122.628193	4.13	239247116	239247116	20	3322	Weekday	0
2023-01-16 13:26:02	45.522887	-122.632085	11.96	239247116	239247116	20	3322	Weekday	0
2023-01-16 13:26:12	45.522893	-122.633543	11.3	239247116	239247116	20	3322	Weekday	0
2023-01-16 13:26:22	45.522895	-122.63496	10.9	239247116	239247116	20	3322	Weekday	0
2023-01-16 13:27:37	45.522907	-122.641223	6.36	239247116	239247116	20	3322	Weekday	0
2023-01-16 13:28:02	45.5229	-122.642465	4.08	239247116	239247116	20	3322	Weekday	0
2023-01-16 13:28:12	45.52291	-122.643713	9.6	239247116	239247116	20	3322	Weekday	0
2023-01-16 13:28:32	45.52294	-122.645797	7.75	239247116	239247116	20	3322	Weekday	0
2023-01-16 13:29:22	45.522918	-122.64815	3.74	239247116	239247116	20	3322	Weekday	0
2023-01-16 13:29:42	45.523188	-122.649637	6.65	239247116	239247116	20	3322	Weekday	0
2023-01-16 13:29:52	45.523915	-122.649597	8	239247116	239247116	20	3322	Weekday	0
2023-01-16 13:31:00	45.523832	-122.65125	2.78	239247116	239247116	20	3322	Weekday	0
2023-01-16 13:31:01	45.523832	-122.65125	0	239247116	239247116	20	3322	Weekday	0
2023-01-16 13:31:20	45.52366	-122.651748	2.21	239247116	239247116	20	3322	Weekday	0
2023-01-16 13:44:26	45.523238	-122.694457	0.89	239247116	239247116	20	3322	Weekday	0
2023-01-16 13:47:06	45.523883	-122.700967	3.14	239247116	239247116	20	3322	Weekday	0
2023-01-16 13:47:31	45.523985	-122.70142	1.48	239247116	239247116	20	3322	Weekday	0
2023-01-16 13:47:56	45.524132	-122.704737	10.36	239247116	239247116	20	3322	Weekday	0
2023-01-16 13:48:11	45.523953	-122.70709	12.2	239247116	239247116	20	3322	Weekday	0
2023-01-16 13:48:41	45.523135	-122.710648	9.73	239247116	239247116	20	3322	Weekday	0
2023-01-16 13:48:55	45.522578	-122.713098	14.29	239247116	239247116	20	3322	Weekday	0
2023-01-16 13:49:01	45.52253	-122.714032	12.17	239247116	239247116	20	3322	Weekday	0
2023-01-16 13:49:25	45.52149	-122.71805	14.38	239247116	239247116	20	3322	Weekday	0
2023-01-16 13:50:20	45.519572	-122.72638	14.44	239247116	239247116	20	3322	Weekday	0
2023-01-16 13:50:45	45.518633	-122.730628	14.44	239247116	239247116	20	3322	Weekday	0
2023-01-16 13:51:50	45.519252	-122.73808	9.17	239247116	239247116	20	3322	Weekday	0
2023-01-16 13:52:15	45.517435	-122.742847	16.96	239247116	239247116	20	3322	Weekday	0
2023-01-16 13:52:25	45.516405	-122.744583	17.7	239247116	239247116	20	3322	Weekday	0
2023-01-16 13:53:01	45.515823	-122.746888	5.5	239247116	239247116	20	3322	Weekday	0
2023-01-16 13:53:21	45.516425	-122.75043	14.3	239247116	239247116	20	3322	Weekday	0
2023-01-16 13:53:37	45.515777	-122.75265	12	239247116	239247116	20	3322	Weekday	0
2023-01-16 13:55:07	45.51151	-122.759722	8.26	239247116	239247116	20	3322	Weekday	0
2023-01-16 13:56:37	45.508972	-122.770545	10.57	239247116	239247116	20	3322	Weekday	0
2023-01-16 13:56:47	45.509248	-122.770133	4.7	239247116	239247116	20	3322	Weekday	0
2023-01-16 13:57:02	45.509822	-122.769602	5.6	239247116	239247116	20	3322	Weekday	0
2023-01-16 13:57:12	45.509973	-122.770048	4	239247116	239247116	20	3322	Weekday	0
2023-01-16 13:59:12	45.509157	-122.772712	2.37	239247116	239247116	20	3322	Weekday	0
2023-01-16 13:59:32	45.509558	-122.77449	7.5	239247116	239247116	20	3322	Weekday	0
2023-01-16 14:00:07	45.5108	-122.777477	7.74	239247116	239247116	20	3322	Weekday	0
2023-01-16 14:00:17	45.510793	-122.778473	7.5	239247116	239247116	20	3322	Weekday	0
2023-01-16 14:00:27	45.510498	-122.779428	8.2	239247116	239247116	20	3322	Weekday	0
2023-01-16 14:00:37	45.510058	-122.780208	7.7	239247116	239247116	20	3322	Weekday	0
2023-01-16 14:00:52	45.509865	-122.781388	6.27	239247116	239247116	20	3322	Weekday	0
2023-01-16 14:02:08	45.512383	-122.784535	5.72	239247116	239247116	20	3322	Weekday	0
2023-01-16 14:02:17	45.512583	-122.784675	3.22	239247116	239247116	20	3322	Weekday	0
2023-01-16 14:02:22	45.512658	-122.785315	10.8	239247116	239247116	20	3322	Weekday	0
2023-01-16 14:02:52	45.515362	-122.789465	15.4	239247116	239247116	20	3322	Weekday	0
2023-01-16 11:51:59	45.502282	-122.426797	4.63	239247116	239247116	20	3322	Weekday	0
2023-01-16 11:52:04	45.502282	-122.426797	0	239247116	239247116	20	3322	Weekday	0
2023-01-16 11:52:09	45.502282	-122.426797	0	239247116	239247116	20	3322	Weekday	0
2023-01-16 11:52:44	45.502282	-122.426797	0	239247116	239247116	20	3322	Weekday	0
2023-01-16 11:52:54	45.502282	-122.426797	0	239247116	239247116	20	3322	Weekday	0
2023-01-16 11:52:59	45.502282	-122.426797	0	239247116	239247116	20	3322	Weekday	0
2023-01-16 11:53:14	45.502282	-122.426797	0	239247116	239247116	20	3322	Weekday	0
2023-01-16 11:53:24	45.502282	-122.426797	0	239247116	239247116	20	3322	Weekday	0
2023-01-16 11:53:54	45.502282	-122.426797	0	239247116	239247116	20	3322	Weekday	0
2023-01-16 11:54:09	45.502282	-122.426797	0	239247116	239247116	20	3322	Weekday	0
2023-01-16 11:54:24	45.502282	-122.426797	0	239247116	239247116	20	3322	Weekday	0
2023-01-16 11:54:49	45.502282	-122.426797	0	239247116	239247116	20	3322	Weekday	0
2023-01-16 14:04:17	45.51527	-122.793102	4.73	239247116	239247116	20	3322	Weekday	0
2023-01-16 14:05:02	45.51072	-122.795372	12.07	239247116	239247116	20	3322	Weekday	0
2023-01-16 14:05:51	45.504923	-122.798543	14.43	239247116	239247116	20	3322	Weekday	0
2023-01-16 14:06:34	45.502628	-122.80426	11.81	239247116	239247116	20	3322	Weekday	0
2023-01-16 14:06:41	45.502575	-122.804398	1.71	239247116	239247116	20	3322	Weekday	0
2023-01-16 14:06:46	45.50247	-122.804675	5	239247116	239247116	20	3322	Weekday	0
2023-01-16 14:08:31	45.501928	-122.805582	0.88	239247116	239247116	20	3322	Weekday	0
2023-01-16 14:10:13	45.49919	-122.807307	3.23	239247116	239247116	20	3322	Weekday	0
2023-01-16 14:11:38	45.4948	-122.809795	6.09	239247116	239247116	20	3322	Weekday	0
2023-01-16 14:11:48	45.494142	-122.810082	7.4	239247116	239247116	20	3322	Weekday	0
2023-01-16 14:11:59	45.493883	-122.809195	7	239247116	239247116	20	3322	Weekday	0
2023-01-16 14:12:24	45.493447	-122.807348	6	239247116	239247116	20	3322	Weekday	0
2023-01-16 14:12:39	45.493665	-122.806082	7.13	239247116	239247116	20	3322	Weekday	0
2023-01-16 14:12:49	45.493673	-122.804807	9.9	239247116	239247116	20	3322	Weekday	0
2023-01-16 14:12:54	45.493687	-122.804182	9.4	239247116	239247116	20	3322	Weekday	0
2023-01-16 14:13:09	45.493693	-122.803413	3.73	239247116	239247116	20	3322	Weekday	0
2023-01-16 14:13:24	45.493698	-122.80306	1.8	239247116	239247116	20	3322	Weekday	0
2023-01-16 14:13:39	45.492992	-122.802918	5.8	239247116	239247116	20	3322	Weekday	0
2023-01-16 14:13:44	45.49254	-122.802933	10	239247116	239247116	20	3322	Weekday	0
2023-01-16 14:13:59	45.491205	-122.802533	10	239247116	239247116	20	3322	Weekday	0
2023-01-16 11:54:54	45.502282	-122.426797	4.84	239247116	239247116	20	3322	Weekday	0
2023-01-16 11:56:59	45.502282	-122.426797	0	239247116	239247116	20	3322	Weekday	0
2023-01-16 11:57:14	45.502282	-122.426797	0	239247116	239247116	20	3322	Weekday	0
2023-01-16 11:57:29	45.502282	-122.426797	0	239247116	239247116	20	3322	Weekday	0
2023-01-16 11:58:29	45.502282	-122.426797	0	239247116	239247116	20	3322	Weekday	0
2023-01-16 11:58:44	45.502282	-122.426797	0	239247116	239247116	20	3322	Weekday	0
2023-01-16 11:59:14	45.502282	-122.426797	0	239247116	239247116	20	3322	Weekday	0
2023-01-16 11:59:44	45.502282	-122.426797	0	239247116	239247116	20	3322	Weekday	0
2023-01-16 12:00:14	45.502282	-122.426797	0	239247116	239247116	20	3322	Weekday	0
2023-01-16 12:00:24	45.502282	-122.426797	0	239247116	239247116	20	3322	Weekday	0
2023-01-16 12:00:34	45.502282	-122.426797	0	239247116	239247116	20	3322	Weekday	0
2023-01-16 12:00:39	45.502282	-122.426797	0	239247116	239247116	20	3322	Weekday	0
2023-01-16 12:01:24	45.502282	-122.426797	0	239247116	239247116	20	3322	Weekday	0
2023-01-16 12:01:49	45.502282	-122.426797	0	239247116	239247116	20	3322	Weekday	0
2023-01-16 12:01:54	45.502282	-122.426797	0	239247116	239247116	20	3322	Weekday	0
2023-01-16 12:01:59	45.502282	-122.426797	0	239247116	239247116	20	3322	Weekday	0
2023-01-16 14:14:35	45.490787	-122.801637	5.1	239247116	239247116	20	3322	Weekday	0
2023-01-16 14:14:40	45.49098	-122.801502	4.6	239247116	239247116	20	3322	Weekday	0
2023-01-16 12:02:14	45.50229	-122.426992	5.11	239247116	239247116	20	3322	Weekday	0
2023-01-16 12:02:19	45.502292	-122.426998	0	239247116	239247116	20	3322	Weekday	0
2023-01-16 12:03:34	45.502292	-122.426998	0	239247116	239247116	20	3322	Weekday	0
2023-01-16 12:03:39	45.502292	-122.426998	0	239247116	239247116	20	3322	Weekday	0
2023-01-16 12:03:49	45.502292	-122.426998	0	239247116	239247116	20	3322	Weekday	0
2023-01-16 12:04:48	45.502292	-122.426998	0	239247116	239247116	20	3322	Weekday	0
2023-01-16 12:04:58	45.502292	-122.426998	0	239247116	239247116	20	3322	Weekday	0
2023-01-16 12:06:38	45.502292	-122.426998	0	239247116	239247116	20	3322	Weekday	0
2023-01-16 12:06:58	45.502292	-122.426998	0	239247116	239247116	20	3322	Weekday	0
2023-01-16 12:07:13	45.502292	-122.426998	0	239247116	239247116	20	3322	Weekday	0
2023-01-16 12:07:47	45.502292	-122.426998	0	239247116	239247116	20	3322	Weekday	0
2023-01-16 12:07:57	45.502292	-122.426998	0	239247116	239247116	20	3322	Weekday	0
2023-01-16 12:08:17	45.502292	-122.426998	0	239247116	239247116	20	3322	Weekday	0
2023-01-16 12:08:22	45.502292	-122.426998	0	239247116	239247116	20	3322	Weekday	0
2023-01-16 12:08:37	45.502292	-122.426998	0	239247116	239247116	20	3322	Weekday	0
2023-01-16 12:08:42	45.502292	-122.426998	0	239247116	239247116	20	3322	Weekday	0
2023-01-16 12:08:52	45.502292	-122.426998	0	239247116	239247116	20	3322	Weekday	0
2023-01-16 12:09:02	45.502292	-122.426998	0	239247116	239247116	20	3322	Weekday	0
2023-01-16 12:09:22	45.502292	-122.426998	0	239247116	239247116	20	3322	Weekday	0
2023-01-16 12:09:47	45.502292	-122.426998	0	239247116	239247116	20	3322	Weekday	0
2023-01-16 12:09:57	45.502292	-122.426998	0	239247116	239247116	20	3322	Weekday	0
2023-01-16 12:11:02	45.502292	-122.426998	0	239247116	239247116	20	3322	Weekday	0
2023-01-16 12:11:07	45.502292	-122.426998	0	239247116	239247116	20	3322	Weekday	0
2023-01-16 12:11:37	45.502292	-122.426998	0	239247116	239247116	20	3322	Weekday	0
2023-01-16 12:19:29	45.502292	-122.426998	0	239247116	239247116	20	3322	Weekday	0
2023-01-16 12:19:49	45.502292	-122.426998	0	239247116	239247116	20	3322	Weekday	0
2023-01-16 12:20:48	45.502728	-122.427968	2.12	239247116	239247116	20	3322	Weekday	0
2023-01-16 12:20:53	45.502873	-122.427865	3.4	239247116	239247116	20	3322	Weekday	0
2023-01-16 12:24:36	45.504782	-122.42144	3.24	239247116	239247116	20	3322	Weekday	0
2023-01-16 12:25:26	45.50473	-122.418232	4.96	239247116	239247116	20	3322	Weekday	0
2023-01-16 12:26:51	45.504745	-122.416992	1.13	239247116	239247116	20	3322	Weekday	0
2023-01-16 12:26:56	45.504742	-122.416662	5	239247116	239247116	20	3322	Weekday	0
2023-01-16 12:30:31	45.50481	-122.400908	5.67	239247116	239247116	20	3322	Weekday	0
2023-01-16 12:30:49	45.505078	-122.399807	5.56	239247116	239247116	20	3322	Weekday	0
2023-01-16 12:31:39	45.508055	-122.399902	6.48	239247116	239247116	20	3322	Weekday	0
2023-01-16 12:32:04	45.508438	-122.399912	1.8	239247116	239247116	20	3322	Weekday	0
2023-01-16 12:32:14	45.509612	-122.399917	13.1	239247116	239247116	20	3322	Weekday	0
2023-01-16 12:32:39	45.512567	-122.399755	12.84	239247116	239247116	20	3322	Weekday	0
2023-01-16 12:32:54	45.513388	-122.399343	6.6	239247116	239247116	20	3322	Weekday	0
2023-01-16 12:33:04	45.514507	-122.398763	13.3	239247116	239247116	20	3322	Weekday	0
2023-01-16 12:33:14	45.515693	-122.39842	13.1	239247116	239247116	20	3322	Weekday	0
2023-01-16 12:33:39	45.516705	-122.39839	4.48	239247116	239247116	20	3322	Weekday	0
2023-01-16 12:34:04	45.5188	-122.398477	9	239247116	239247116	20	3322	Weekday	0
2023-01-16 12:37:39	45.519115	-122.403372	1.92	239247116	239247116	20	3322	Weekday	0
2023-01-16 12:38:23	45.51912	-122.407048	6.18	239247116	239247116	20	3322	Weekday	0
2023-01-16 12:38:33	45.51913	-122.40763	4.6	239247116	239247116	20	3322	Weekday	0
2023-01-16 12:38:58	45.519162	-122.409242	4.92	239247116	239247116	20	3322	Weekday	0
2023-01-16 12:39:28	45.519122	-122.411272	5.23	239247116	239247116	20	3322	Weekday	0
2023-01-16 12:39:43	45.519122	-122.411725	2.33	239247116	239247116	20	3322	Weekday	0
2023-01-16 12:41:13	45.519127	-122.412688	0.82	239247116	239247116	20	3322	Weekday	0
2023-01-16 13:32:54	45.523627	-122.654953	4.87	239247116	239247116	20	3322	Weekday	0
2023-01-16 13:33:04	45.523628	-122.655973	7.8	239247116	239247116	20	3322	Weekday	0
2023-01-16 13:34:49	45.523293	-122.662388	4.96	239247116	239247116	20	3322	Weekday	0
2023-01-16 13:35:09	45.523037	-122.66464	9.75	239247116	239247116	20	3322	Weekday	0
2023-01-16 13:35:49	45.523202	-122.671003	12.22	239247116	239247116	20	3322	Weekday	0
2023-01-16 13:38:11	45.523087	-122.676963	3.25	239247116	239247116	20	3322	Weekday	0
2023-01-16 13:38:26	45.523053	-122.678458	7.73	239247116	239247116	20	3322	Weekday	0
2023-01-16 13:38:46	45.522977	-122.680422	7.55	239247116	239247116	20	3322	Weekday	0
2023-01-16 13:39:31	45.522913	-122.68337	5.07	239247116	239247116	20	3322	Weekday	0
2023-01-16 13:41:46	45.522938	-122.688668	3.04	239247116	239247116	20	3322	Weekday	0
2023-01-16 13:41:51	45.522953	-122.689013	5	239247116	239247116	20	3322	Weekday	0
2023-01-16 13:41:56	45.522958	-122.6891	1	239247116	239247116	20	3322	Weekday	0
2023-01-16 13:42:56	45.52305	-122.690723	2.15	239247116	239247116	20	3322	Weekday	0
2023-01-16 13:43:51	45.523217	-122.694087	4.69	239247116	239247116	20	3322	Weekday	0
2023-01-16 12:41:53	45.51912	-122.414135	2.8	239247116	239247116	20	3322	Weekday	0
2023-01-16 12:42:28	45.519133	-122.420843	14.8	239247116	239247116	20	3322	Weekday	0
2023-01-16 12:42:39	45.519147	-122.42161	5.36	239247116	239247116	20	3322	Weekday	0
2023-01-16 12:43:05	45.519137	-122.423485	5.62	239247116	239247116	20	3322	Weekday	0
2023-01-16 12:43:25	45.519145	-122.42774	16.45	239247116	239247116	20	3322	Weekday	0
2023-01-16 12:43:30	45.519147	-122.428808	16.6	239247116	239247116	20	3322	Weekday	0
2023-01-16 12:43:35	45.51915	-122.429852	16	239247116	239247116	20	3322	Weekday	0
2023-01-16 12:43:55	45.519148	-122.433088	12.45	239247116	239247116	20	3322	Weekday	0
2023-01-16 12:45:00	45.519147	-122.436588	4.18	239247116	239247116	20	3322	Weekday	0
2023-01-16 12:45:15	45.519163	-122.438775	11.13	239247116	239247116	20	3322	Weekday	0
2023-01-16 12:45:20	45.519167	-122.438905	1.8	239247116	239247116	20	3322	Weekday	0
2023-01-16 12:45:40	45.519152	-122.439823	3.7	239247116	239247116	20	3322	Weekday	0
2023-01-16 12:46:05	45.51916	-122.44502	16.12	239247116	239247116	20	3322	Weekday	0
2023-01-16 12:46:25	45.519167	-122.449308	16.55	239247116	239247116	20	3322	Weekday	0
2023-01-16 12:46:30	45.519168	-122.450332	15.6	239247116	239247116	20	3322	Weekday	0
2023-01-16 12:46:40	45.51918	-122.451837	11.4	239247116	239247116	20	3322	Weekday	0
2023-01-16 12:47:15	45.51918	-122.454345	5.6	239247116	239247116	20	3322	Weekday	0
2023-01-16 12:47:30	45.519197	-122.4557	6.67	239247116	239247116	20	3322	Weekday	0
2023-01-16 12:48:00	45.519188	-122.456873	3.17	239247116	239247116	20	3322	Weekday	0
2023-01-16 12:48:15	45.519193	-122.459797	15.13	239247116	239247116	20	3322	Weekday	0
2023-01-16 12:49:05	45.519215	-122.46504	8.02	239247116	239247116	20	3322	Weekday	0
2023-01-16 12:49:10	45.519208	-122.465428	6.2	239247116	239247116	20	3322	Weekday	0
2023-01-16 12:49:20	45.519197	-122.466395	7.5	239247116	239247116	20	3322	Weekday	0
2023-01-16 12:49:30	45.519198	-122.466978	4.2	239247116	239247116	20	3322	Weekday	0
2023-01-16 12:49:40	45.519195	-122.467103	1.2	239247116	239247116	20	3322	Weekday	0
2023-01-16 12:49:50	45.519197	-122.46832	9.6	239247116	239247116	20	3322	Weekday	0
2023-01-16 12:50:00	45.519208	-122.469773	11.2	239247116	239247116	20	3322	Weekday	0
2023-01-16 12:50:45	45.519213	-122.472508	4.64	239247116	239247116	20	3322	Weekday	0
2023-01-16 12:50:55	45.519212	-122.473658	9.2	239247116	239247116	20	3322	Weekday	0
2023-01-16 12:51:10	45.519227	-122.47546	8.93	239247116	239247116	20	3322	Weekday	0
2023-01-16 12:51:30	45.51922	-122.475915	1.9	239247116	239247116	20	3322	Weekday	0
2023-01-16 12:51:40	45.519218	-122.477243	10.5	239247116	239247116	20	3322	Weekday	0
2023-01-16 12:54:55	45.51921	-122.494953	4.13	239247116	239247116	20	3322	Weekday	0
2023-01-16 12:55:05	45.519213	-122.496072	8.2	239247116	239247116	20	3322	Weekday	0
2023-01-16 12:55:40	45.519172	-122.497405	3.09	239247116	239247116	20	3322	Weekday	0
2023-01-16 12:55:50	45.519175	-122.498925	11.6	239247116	239247116	20	3322	Weekday	0
2023-01-16 12:55:55	45.51922	-122.49947	7.8	239247116	239247116	20	3322	Weekday	0
2023-01-16 12:56:40	45.519217	-122.502635	5.56	239247116	239247116	20	3322	Weekday	0
2023-01-16 12:56:45	45.519213	-122.50341	12	239247116	239247116	20	3322	Weekday	0
2023-01-16 12:57:05	45.519207	-122.506775	12.4	239247116	239247116	20	3322	Weekday	0
2023-01-16 12:57:14	45.519227	-122.50772	8.33	239247116	239247116	20	3322	Weekday	0
2023-01-16 12:57:44	45.51921	-122.50904	3.33	239247116	239247116	20	3322	Weekday	0
2023-01-16 12:58:44	45.519205	-122.511443	3.12	239247116	239247116	20	3322	Weekday	0
2023-01-16 12:58:49	45.519202	-122.512172	11.2	239247116	239247116	20	3322	Weekday	0
2023-01-16 12:58:54	45.519195	-122.512927	11.6	239247116	239247116	20	3322	Weekday	0
2023-01-16 12:58:59	45.519192	-122.513723	12.4	239247116	239247116	20	3322	Weekday	0
2023-01-16 12:59:09	45.519187	-122.515455	13.3	239247116	239247116	20	3322	Weekday	0
2023-01-16 12:59:14	45.519175	-122.516313	13.4	239247116	239247116	20	3322	Weekday	0
2023-01-16 12:59:24	45.519167	-122.518028	13.2	239247116	239247116	20	3322	Weekday	0
2023-01-16 12:59:49	45.519153	-122.52218	12.84	239247116	239247116	20	3322	Weekday	0
2023-01-16 12:59:54	45.519148	-122.523057	13.6	239247116	239247116	20	3322	Weekday	0
2023-01-16 12:51:45	45.519217	-122.478003	11.8	239247116	239247116	20	3322	Weekday	0
2023-01-16 12:52:20	45.51921	-122.47973	3.77	239247116	239247116	20	3322	Weekday	0
2023-01-16 12:52:30	45.519203	-122.481393	13.2	239247116	239247116	20	3322	Weekday	0
2023-01-16 12:52:35	45.519203	-122.482315	14	239247116	239247116	20	3322	Weekday	0
2023-01-16 12:52:40	45.519202	-122.483125	12.2	239247116	239247116	20	3322	Weekday	0
2023-01-16 12:52:45	45.519205	-122.48381	10.4	239247116	239247116	20	3322	Weekday	0
2023-01-16 12:52:50	45.519215	-122.484258	6.2	239247116	239247116	20	3322	Weekday	0
2023-01-16 12:53:15	45.51918	-122.485018	2.52	239247116	239247116	20	3322	Weekday	0
2023-01-16 12:53:30	45.519205	-122.487692	14	239247116	239247116	20	3322	Weekday	0
2023-01-16 12:54:25	45.519217	-122.493395	7.91	239247116	239247116	20	3322	Weekday	0
2023-01-16 12:44:25	45.51916	-122.43481	7.33	239247116	239247116	20	3322	Weekday	0
2023-01-16 12:44:55	45.519147	-122.435707	2.4	239247116	239247116	20	3322	Weekday	0
2023-01-16 12:45:05	45.519148	-122.43748	13.7	239247116	239247116	20	3322	Weekday	0
2023-01-16 12:45:45	45.519152	-122.440782	6.4	239247116	239247116	20	3322	Weekday	0
2023-01-16 12:46:10	45.519163	-122.446088	16.4	239247116	239247116	20	3322	Weekday	0
2023-01-16 12:46:35	45.51917	-122.451253	15.92	239247116	239247116	20	3322	Weekday	0
2023-01-16 12:46:45	45.519185	-122.451965	5.1	239247116	239247116	20	3322	Weekday	0
2023-01-16 12:47:05	45.519177	-122.45269	2.95	239247116	239247116	20	3322	Weekday	0
2023-01-16 12:47:10	45.519178	-122.453493	12.6	239247116	239247116	20	3322	Weekday	0
2023-01-16 12:47:25	45.519195	-122.455608	10.73	239247116	239247116	20	3322	Weekday	0
2023-01-16 12:48:10	45.51919	-122.45877	5.51	239247116	239247116	20	3322	Weekday	0
2023-01-16 12:48:20	45.519193	-122.460795	15.6	239247116	239247116	20	3322	Weekday	0
2023-01-16 12:48:25	45.519197	-122.461765	15	239247116	239247116	20	3322	Weekday	0
2023-01-16 12:48:30	45.519197	-122.462743	15.2	239247116	239247116	20	3322	Weekday	0
2023-01-16 12:48:35	45.5192	-122.463707	14.8	239247116	239247116	20	3322	Weekday	0
2023-01-16 12:48:40	45.5192	-122.464562	12.8	239247116	239247116	20	3322	Weekday	0
2023-01-16 12:48:45	45.519213	-122.464962	5.6	239247116	239247116	20	3322	Weekday	0
2023-01-16 12:49:15	45.519207	-122.465915	2.53	239247116	239247116	20	3322	Weekday	0
2023-01-16 12:49:34	45.519197	-122.466995	4.21	239247116	239247116	20	3322	Weekday	0
2023-01-16 12:49:45	45.519192	-122.467627	4.82	239247116	239247116	20	3322	Weekday	0
2023-01-16 12:49:55	45.519205	-122.469068	11.2	239247116	239247116	20	3322	Weekday	0
2023-01-16 12:50:05	45.519217	-122.470157	8	239247116	239247116	20	3322	Weekday	0
2023-01-16 12:50:30	45.519208	-122.470968	2.64	239247116	239247116	20	3322	Weekday	0
2023-01-16 12:50:50	45.519215	-122.472968	7.7	239247116	239247116	20	3322	Weekday	0
2023-01-16 12:51:00	45.519213	-122.474425	11.4	239247116	239247116	20	3322	Weekday	0
2023-01-16 12:51:25	45.519225	-122.475548	3.32	239247116	239247116	20	3322	Weekday	0
2023-01-16 12:51:35	45.519218	-122.476512	7.8	239247116	239247116	20	3322	Weekday	0
2023-01-16 12:51:50	45.519222	-122.478698	11.2	239247116	239247116	20	3322	Weekday	0
2023-01-16 12:52:25	45.519207	-122.480472	4	239247116	239247116	20	3322	Weekday	0
2023-01-16 12:53:20	45.519172	-122.485778	7.45	239247116	239247116	20	3322	Weekday	0
2023-01-16 12:53:25	45.519175	-122.48671	14.6	239247116	239247116	20	3322	Weekday	0
2023-01-16 12:53:35	45.519207	-122.488673	15.2	239247116	239247116	20	3322	Weekday	0
2023-01-16 12:53:40	45.519207	-122.489632	14.8	239247116	239247116	20	3322	Weekday	0
2023-01-16 12:53:45	45.519207	-122.490488	12.8	239247116	239247116	20	3322	Weekday	0
2023-01-16 12:53:50	45.519212	-122.490973	6.4	239247116	239247116	20	3322	Weekday	0
2023-01-16 12:54:10	45.519205	-122.491418	1.9	239247116	239247116	20	3322	Weekday	0
2023-01-16 12:54:15	45.519207	-122.492082	10.6	239247116	239247116	20	3322	Weekday	0
2023-01-16 12:54:20	45.519208	-122.492818	11.4	239247116	239247116	20	3322	Weekday	0
2023-01-16 12:54:30	45.519222	-122.49357	5	239247116	239247116	20	3322	Weekday	0
2023-01-16 13:20:57	45.522895	-122.603072	2.5	239247116	239247116	20	3322	Weekday	0
2023-01-16 12:55:00	45.51921	-122.495602	5.43	239247116	239247116	20	3322	Weekday	0
2023-01-16 12:55:10	45.51922	-122.496217	4.1	239247116	239247116	20	3322	Weekday	0
2023-01-16 12:56:00	45.519225	-122.499687	5.36	239247116	239247116	20	3322	Weekday	0
2023-01-16 12:56:30	45.519217	-122.501152	4.07	239247116	239247116	20	3322	Weekday	0
2023-01-16 12:56:35	45.519215	-122.501875	11.4	239247116	239247116	20	3322	Weekday	0
2023-01-16 12:56:55	45.519208	-122.505047	11.65	239247116	239247116	20	3322	Weekday	0
2023-01-16 12:57:00	45.51921	-122.505903	13.2	239247116	239247116	20	3322	Weekday	0
2023-01-16 12:57:10	45.519217	-122.507505	12.5	239247116	239247116	20	3322	Weekday	0
2023-01-16 12:57:49	45.519208	-122.509662	4.28	239247116	239247116	20	3322	Weekday	0
2023-01-16 12:57:54	45.519215	-122.510197	8.2	239247116	239247116	20	3322	Weekday	0
2023-01-16 12:57:59	45.51922	-122.510453	4.2	239247116	239247116	20	3322	Weekday	0
2023-01-16 12:59:04	45.519192	-122.514577	4.88	239247116	239247116	20	3322	Weekday	0
2023-01-16 12:59:19	45.51917	-122.517175	13.4	239247116	239247116	20	3322	Weekday	0
2023-01-16 12:59:29	45.519167	-122.518887	13.3	239247116	239247116	20	3322	Weekday	0
2023-01-16 12:59:39	45.519155	-122.520557	12.8	239247116	239247116	20	3322	Weekday	0
2023-01-16 13:00:04	45.519145	-122.524655	12.68	239247116	239247116	20	3322	Weekday	0
2023-01-16 13:00:14	45.519147	-122.525982	10.3	239247116	239247116	20	3322	Weekday	0
2023-01-16 13:00:19	45.519152	-122.526393	6.2	239247116	239247116	20	3322	Weekday	0
2023-01-16 13:01:19	45.519112	-122.53193	7.15	239247116	239247116	20	3322	Weekday	0
2023-01-16 13:01:24	45.519115	-122.532653	11	239247116	239247116	20	3322	Weekday	0
2023-01-16 13:02:05	45.519098	-122.53552	5.41	239247116	239247116	20	3322	Weekday	0
2023-01-16 13:02:47	45.519097	-122.537392	3.4	239247116	239247116	20	3322	Weekday	0
2023-01-16 13:05:42	45.519065	-122.542353	2.19	239247116	239247116	20	3322	Weekday	0
2023-01-16 13:05:57	45.51907	-122.543352	5.13	239247116	239247116	20	3322	Weekday	0
2023-01-16 13:06:02	45.519072	-122.543483	1.6	239247116	239247116	20	3322	Weekday	0
2023-01-16 13:07:17	45.519043	-122.547	3.68	239247116	239247116	20	3322	Weekday	0
2023-01-16 13:07:42	45.519057	-122.551335	13.44	239247116	239247116	20	3322	Weekday	0
2023-01-16 13:07:52	45.519033	-122.552842	11.5	239247116	239247116	20	3322	Weekday	0
2023-01-16 13:07:57	45.519015	-122.553398	8.4	239247116	239247116	20	3322	Weekday	0
2023-01-16 13:08:02	45.519018	-122.55393	8.2	239247116	239247116	20	3322	Weekday	0
2023-01-16 13:08:07	45.519037	-122.554522	9.4	239247116	239247116	20	3322	Weekday	0
2023-01-16 13:08:12	45.519058	-122.555183	10.2	239247116	239247116	20	3322	Weekday	0
2023-01-16 13:08:35	45.519048	-122.556603	4.57	239247116	239247116	20	3322	Weekday	0
2023-01-16 13:08:42	45.519042	-122.556947	4.14	239247116	239247116	20	3322	Weekday	0
2023-01-16 13:09:37	45.521182	-122.55835	5.47	239247116	239247116	20	3322	Weekday	0
2023-01-16 13:09:52	45.522412	-122.558323	8.53	239247116	239247116	20	3322	Weekday	0
2023-01-16 13:10:42	45.522425	-122.55832	0.04	239247116	239247116	20	3322	Weekday	0
2023-01-16 13:10:47	45.522617	-122.558327	4.6	239247116	239247116	20	3322	Weekday	0
2023-01-16 13:10:52	45.522768	-122.558523	4.6	239247116	239247116	20	3322	Weekday	0
2023-01-16 13:10:57	45.522765	-122.558873	5.4	239247116	239247116	20	3322	Weekday	0
2023-01-16 13:11:37	45.522752	-122.560852	3.88	239247116	239247116	20	3322	Weekday	0
2023-01-16 13:12:22	45.522755	-122.562107	2.02	239247116	239247116	20	3322	Weekday	0
2023-01-16 13:12:27	45.522753	-122.562588	8.2	239247116	239247116	20	3322	Weekday	0
2023-01-16 13:12:32	45.522745	-122.563327	11.8	239247116	239247116	20	3322	Weekday	0
2023-01-16 13:12:47	45.522718	-122.565927	13.33	239247116	239247116	20	3322	Weekday	0
2023-01-16 13:12:52	45.522743	-122.566517	8.2	239247116	239247116	20	3322	Weekday	0
2023-01-16 13:13:27	45.522712	-122.56746	2.2	239247116	239247116	20	3322	Weekday	0
2023-01-16 13:13:42	45.522742	-122.57004	12.53	239247116	239247116	20	3322	Weekday	0
2023-01-16 13:13:52	45.522758	-122.571663	12.6	239247116	239247116	20	3322	Weekday	0
2023-01-16 13:14:42	45.522767	-122.574125	3.82	239247116	239247116	20	3322	Weekday	0
2023-01-16 13:15:01	45.522773	-122.576988	11.63	239247116	239247116	20	3322	Weekday	0
2023-01-16 13:15:06	45.522782	-122.577627	9.8	239247116	239247116	20	3322	Weekday	0
2023-01-16 13:15:11	45.522797	-122.578238	9.6	239247116	239247116	20	3322	Weekday	0
2023-01-16 13:15:16	45.522808	-122.578728	7.6	239247116	239247116	20	3322	Weekday	0
2023-01-16 13:15:21	45.522812	-122.578863	2	239247116	239247116	20	3322	Weekday	0
2023-01-16 13:16:46	45.522805	-122.579323	0.42	239247116	239247116	20	3322	Weekday	0
2023-01-16 13:17:01	45.5228	-122.581455	11	239247116	239247116	20	3322	Weekday	0
2023-01-16 13:17:16	45.522837	-122.582345	4.53	239247116	239247116	20	3322	Weekday	0
2023-01-16 13:17:26	45.52282	-122.583365	7.9	239247116	239247116	20	3322	Weekday	0
2023-01-16 13:17:31	45.522835	-122.584175	12.6	239247116	239247116	20	3322	Weekday	0
2023-01-16 13:17:36	45.522843	-122.584995	12.6	239247116	239247116	20	3322	Weekday	0
2023-01-16 13:17:41	45.522848	-122.585777	12	239247116	239247116	20	3322	Weekday	0
2023-01-16 13:18:06	45.523105	-122.589582	12	239247116	239247116	20	3322	Weekday	0
2023-01-16 13:18:31	45.52314	-122.593505	12.08	239247116	239247116	20	3322	Weekday	0
2023-01-16 13:19:17	45.523117	-122.596307	4.76	239247116	239247116	20	3322	Weekday	0
2023-01-16 13:19:37	45.52289	-122.59929	11.65	239247116	239247116	20	3322	Weekday	0
2023-01-16 13:19:42	45.522907	-122.600047	11.6	239247116	239247116	20	3322	Weekday	0
2023-01-16 13:19:47	45.522918	-122.600805	11.8	239247116	239247116	20	3322	Weekday	0
2023-01-16 13:32:44	45.523632	-122.654213	2.38	239247116	239247116	20	3322	Weekday	0
2023-01-16 13:32:49	45.52363	-122.654577	5.6	239247116	239247116	20	3322	Weekday	0
2023-01-16 13:33:14	45.523633	-122.657047	7.6	239247116	239247116	20	3322	Weekday	0
2023-01-16 13:33:24	45.52363	-122.658027	7.5	239247116	239247116	20	3322	Weekday	0
2023-01-16 13:33:34	45.523632	-122.659058	8	239247116	239247116	20	3322	Weekday	0
2023-01-16 13:33:39	45.523632	-122.659627	8.6	239247116	239247116	20	3322	Weekday	0
2023-01-16 13:33:44	45.523637	-122.660183	8.6	239247116	239247116	20	3322	Weekday	0
2023-01-16 13:33:54	45.523643	-122.661153	7.5	239247116	239247116	20	3322	Weekday	0
2023-01-16 13:34:54	45.523075	-122.662503	2.52	239247116	239247116	20	3322	Weekday	0
2023-01-16 13:35:04	45.52302	-122.663718	9.5	239247116	239247116	20	3322	Weekday	0
2023-01-16 13:35:24	45.523082	-122.66784	15.9	239247116	239247116	20	3322	Weekday	0
2023-01-16 13:35:29	45.5231	-122.668848	15.4	239247116	239247116	20	3322	Weekday	0
2023-01-16 13:36:16	45.523188	-122.673162	7.09	239247116	239247116	20	3322	Weekday	0
2023-01-16 13:36:26	45.523172	-122.673968	6.1	239247116	239247116	20	3322	Weekday	0
2023-01-16 13:36:31	45.523168	-122.674052	1.2	239247116	239247116	20	3322	Weekday	0
2023-01-16 13:36:56	45.523148	-122.674625	1.8	239247116	239247116	20	3322	Weekday	0
2023-01-16 13:37:01	45.523135	-122.675093	7.4	239247116	239247116	20	3322	Weekday	0
2023-01-16 13:37:06	45.523143	-122.675512	6.4	239247116	239247116	20	3322	Weekday	0
2023-01-16 13:38:06	45.523098	-122.676552	1.33	239247116	239247116	20	3322	Weekday	0
2023-01-16 13:38:16	45.523082	-122.677437	6.9	239247116	239247116	20	3322	Weekday	0
2023-01-16 13:38:21	45.523067	-122.677937	7.8	239247116	239247116	20	3322	Weekday	0
2023-01-16 13:38:36	45.523002	-122.679435	7.67	239247116	239247116	20	3322	Weekday	0
2023-01-16 13:38:41	45.522987	-122.679935	7.8	239247116	239247116	20	3322	Weekday	0
2023-01-16 13:38:51	45.522962	-122.680802	6.6	239247116	239247116	20	3322	Weekday	0
2023-01-16 13:38:56	45.522955	-122.680923	1.6	239247116	239247116	20	3322	Weekday	0
2023-01-16 13:38:57	45.522955	-122.680923	0	239247116	239247116	20	3322	Weekday	0
2023-01-16 13:39:00	45.522955	-122.680923	0	239247116	239247116	20	3322	Weekday	0
2023-01-16 13:39:01	45.522955	-122.680945	2	239247116	239247116	20	3322	Weekday	0
2023-01-16 13:39:11	45.522953	-122.681597	5.2	239247116	239247116	20	3322	Weekday	0
2023-01-16 13:39:16	45.522943	-122.682053	7.2	239247116	239247116	20	3322	Weekday	0
2023-01-16 13:39:36	45.522912	-122.683598	5.85	239247116	239247116	20	3322	Weekday	0
2023-01-16 13:41:06	45.522877	-122.68504	1.24	239247116	239247116	20	3322	Weekday	0
2023-01-16 13:41:11	45.522878	-122.685377	5.4	239247116	239247116	20	3322	Weekday	0
2023-01-16 13:41:16	45.522875	-122.685807	6.8	239247116	239247116	20	3322	Weekday	0
2023-01-16 13:41:21	45.52286	-122.686262	7	239247116	239247116	20	3322	Weekday	0
2023-01-16 13:41:26	45.52285	-122.686683	6.4	239247116	239247116	20	3322	Weekday	0
2023-01-16 13:41:36	45.522878	-122.687602	7.2	239247116	239247116	20	3322	Weekday	0
2023-01-16 13:41:41	45.522912	-122.68817	8.8	239247116	239247116	20	3322	Weekday	0
2023-01-16 13:42:36	45.523013	-122.689995	2.49	239247116	239247116	20	3322	Weekday	0
2023-01-16 13:43:01	45.523075	-122.69126	4.08	239247116	239247116	20	3322	Weekday	0
2023-01-16 13:43:46	45.523197	-122.693738	4.24	239247116	239247116	20	3322	Weekday	0
2023-01-16 13:43:56	45.523222	-122.694173	2.9	239247116	239247116	20	3322	Weekday	0
2023-01-16 13:45:11	45.523358	-122.697175	3.19	239247116	239247116	20	3322	Weekday	0
2023-01-16 13:46:46	45.523575	-122.699072	1.47	239247116	239247116	20	3322	Weekday	0
2023-01-16 13:47:01	45.523803	-122.700567	7.87	239247116	239247116	20	3322	Weekday	0
2023-01-16 13:47:11	45.523917	-122.701113	4.5	239247116	239247116	20	3322	Weekday	0
2023-01-16 13:47:41	45.524197	-122.702553	3.83	239247116	239247116	20	3322	Weekday	0
2023-01-16 13:48:16	45.52388	-122.707682	11.4	239247116	239247116	20	3322	Weekday	0
2023-01-16 13:48:21	45.523797	-122.708225	8.6	239247116	239247116	20	3322	Weekday	0
2023-01-16 13:48:45	45.522882	-122.71142	11.17	239247116	239247116	20	3322	Weekday	0
2023-01-16 13:48:50	45.522687	-122.712215	13	239247116	239247116	20	3322	Weekday	0
2023-01-16 13:49:05	45.522478	-122.714973	14.33	239247116	239247116	20	3322	Weekday	0
2023-01-16 13:49:15	45.521925	-122.716523	13.7	239247116	239247116	20	3322	Weekday	0
2023-01-16 13:49:20	45.521578	-122.717185	13.2	239247116	239247116	20	3322	Weekday	0
2023-01-16 13:49:30	45.52158	-122.718952	14	239247116	239247116	20	3322	Weekday	0
2023-01-16 13:49:35	45.521412	-122.719838	14.4	239247116	239247116	20	3322	Weekday	0
2023-01-16 13:49:50	45.519907	-122.721645	14.53	239247116	239247116	20	3322	Weekday	0
2023-01-16 13:49:55	45.519407	-122.722242	14.6	239247116	239247116	20	3322	Weekday	0
2023-01-16 13:50:00	45.518998	-122.722977	14.6	239247116	239247116	20	3322	Weekday	0
2023-01-16 13:50:05	45.518838	-122.723877	14.6	239247116	239247116	20	3322	Weekday	0
2023-01-16 13:50:10	45.519	-122.72476	14.4	239247116	239247116	20	3322	Weekday	0
2023-01-16 13:50:25	45.519687	-122.727268	14.27	239247116	239247116	20	3322	Weekday	0
2023-01-16 13:50:30	45.519598	-122.728177	14.2	239247116	239247116	20	3322	Weekday	0
2023-01-16 13:50:35	45.519292	-122.729005	14.4	239247116	239247116	20	3322	Weekday	0
2023-01-16 13:50:40	45.518912	-122.729793	14.8	239247116	239247116	20	3322	Weekday	0
2023-01-16 13:50:50	45.518525	-122.731518	14.3	239247116	239247116	20	3322	Weekday	0
2023-01-16 13:51:05	45.518922	-122.73411	13.8	239247116	239247116	20	3322	Weekday	0
2023-01-16 13:51:15	45.519217	-122.735372	10.1	239247116	239247116	20	3322	Weekday	0
2023-01-16 13:52:05	45.518367	-122.740972	9.24	239247116	239247116	20	3322	Weekday	0
2023-01-16 13:52:10	45.517973	-122.741965	17.8	239247116	239247116	20	3322	Weekday	0
2023-01-16 13:52:20	45.516863	-122.743687	18.1	239247116	239247116	20	3322	Weekday	0
2023-01-16 13:52:30	45.51612	-122.74533	15.2	239247116	239247116	20	3322	Weekday	0
2023-01-16 13:52:36	45.515973	-122.745815	6.83	239247116	239247116	20	3322	Weekday	0
2023-01-16 13:52:40	45.515955	-122.745868	1.25	239247116	239247116	20	3322	Weekday	0
2023-01-16 13:52:56	45.515877	-122.746227	2.06	239247116	239247116	20	3322	Weekday	0
2023-01-16 13:53:11	45.516043	-122.748558	12.47	239247116	239247116	20	3322	Weekday	0
2023-01-16 13:53:26	45.516357	-122.751382	15.13	239247116	239247116	20	3322	Weekday	0
2023-01-16 13:53:32	45.516005	-122.752215	12.5	239247116	239247116	20	3322	Weekday	0
2023-01-16 13:54:17	45.5151	-122.753952	3.78	239247116	239247116	20	3322	Weekday	0
2023-01-16 13:54:27	45.514248	-122.755078	13	239247116	239247116	20	3322	Weekday	0
2023-01-16 13:54:32	45.513755	-122.755465	12.4	239247116	239247116	20	3322	Weekday	0
2023-01-16 13:54:37	45.513292	-122.755855	11.8	239247116	239247116	20	3322	Weekday	0
2023-01-16 13:54:42	45.512877	-122.756275	11.2	239247116	239247116	20	3322	Weekday	0
2023-01-16 13:54:52	45.512153	-122.757635	13.4	239247116	239247116	20	3322	Weekday	0
2023-01-16 13:55:02	45.511697	-122.759232	13.2	239247116	239247116	20	3322	Weekday	0
2023-01-16 13:55:12	45.511418	-122.759927	5.9	239247116	239247116	20	3322	Weekday	0
2023-01-16 13:55:32	45.510957	-122.760547	3.7	239247116	239247116	20	3322	Weekday	0
2023-01-16 13:55:47	45.509595	-122.762598	14.8	239247116	239247116	20	3322	Weekday	0
2023-01-16 13:55:52	45.509238	-122.763437	15.2	239247116	239247116	20	3322	Weekday	0
2023-01-16 13:56:07	45.508628	-122.766288	15.47	239247116	239247116	20	3322	Weekday	0
2023-01-16 13:56:22	45.508752	-122.768955	13.73	239247116	239247116	20	3322	Weekday	0
2023-01-16 13:56:32	45.508858	-122.770333	10.4	239247116	239247116	20	3322	Weekday	0
2023-01-16 13:56:42	45.509155	-122.770403	4.2	239247116	239247116	20	3322	Weekday	0
2023-01-16 13:56:52	45.509372	-122.769847	5.3	239247116	239247116	20	3322	Weekday	0
2023-01-16 13:57:17	45.509967	-122.770145	4.16	239247116	239247116	20	3322	Weekday	0
2023-01-16 13:57:22	45.509953	-122.770392	4	239247116	239247116	20	3322	Weekday	0
2023-01-16 13:57:27	45.50994	-122.770705	5	239247116	239247116	20	3322	Weekday	0
2023-01-16 13:57:32	45.509935	-122.771062	5.6	239247116	239247116	20	3322	Weekday	0
2023-01-16 13:57:37	45.509925	-122.771423	5.4	239247116	239247116	20	3322	Weekday	0
2023-01-16 13:58:22	45.50965	-122.772765	2.62	239247116	239247116	20	3322	Weekday	0
2023-01-16 13:58:32	45.50923	-122.77271	4.9	239247116	239247116	20	3322	Weekday	0
2023-01-16 13:58:37	45.509172	-122.772707	1	239247116	239247116	20	3322	Weekday	0
2023-01-16 13:59:17	45.509097	-122.772877	0.5	239247116	239247116	20	3322	Weekday	0
2023-01-16 13:59:27	45.509325	-122.77394	8.6	239247116	239247116	20	3322	Weekday	0
2023-01-16 13:59:47	45.509895	-122.775133	5.35	239247116	239247116	20	3322	Weekday	0
2023-01-16 14:00:32	45.510278	-122.779825	9.07	239247116	239247116	20	3322	Weekday	0
2023-01-16 14:00:42	45.509892	-122.780623	7.5	239247116	239247116	20	3322	Weekday	0
2023-01-16 14:00:57	45.509915	-122.781498	4.33	239247116	239247116	20	3322	Weekday	0
2023-01-16 14:01:22	45.510185	-122.7823	2.96	239247116	239247116	20	3322	Weekday	0
2023-01-16 14:01:47	45.511457	-122.784915	10	239247116	239247116	20	3322	Weekday	0
2023-01-16 14:01:52	45.5119	-122.784865	9.8	239247116	239247116	20	3322	Weekday	0
2023-01-16 14:02:02	45.51237	-122.784537	5.3	239247116	239247116	20	3322	Weekday	0
2023-01-16 14:02:07	45.512383	-122.784535	0	239247116	239247116	20	3322	Weekday	0
2023-01-16 14:02:12	45.512408	-122.784533	1	239247116	239247116	20	3322	Weekday	0
2023-01-16 14:02:37	45.513693	-122.788045	12.68	239247116	239247116	20	3322	Weekday	0
2023-01-16 14:02:47	45.514975	-122.789023	17.4	239247116	239247116	20	3322	Weekday	0
2023-01-16 14:03:32	45.516058	-122.791025	4.13	239247116	239247116	20	3322	Weekday	0
2023-01-16 11:51:16	45.502282	-122.426797	4.6	239247116	239247116	20	3322	Weekday	0
2023-01-16 11:51:17	45.502282	-122.426797	0	239247116	239247116	20	3322	Weekday	0
2023-01-16 11:51:26	45.502282	-122.426797	0	239247116	239247116	20	3322	Weekday	0
2023-01-16 11:51:31	45.502282	-122.426797	0	239247116	239247116	20	3322	Weekday	0
2023-01-16 11:51:42	45.502282	-122.426797	0	239247116	239247116	20	3322	Weekday	0
2023-01-16 11:51:53	45.502282	-122.426797	0	239247116	239247116	20	3322	Weekday	0
2023-01-16 11:52:14	45.502282	-122.426797	0	239247116	239247116	20	3322	Weekday	0
2023-01-16 11:52:24	45.502282	-122.426797	0	239247116	239247116	20	3322	Weekday	0
2023-01-16 11:52:34	45.502282	-122.426797	0	239247116	239247116	20	3322	Weekday	0
2023-01-16 11:52:39	45.502282	-122.426797	0	239247116	239247116	20	3322	Weekday	0
2023-01-16 11:53:19	45.502282	-122.426797	0	239247116	239247116	20	3322	Weekday	0
2023-01-16 11:53:29	45.502282	-122.426797	0	239247116	239247116	20	3322	Weekday	0
2023-01-16 11:53:34	45.502282	-122.426797	0	239247116	239247116	20	3322	Weekday	0
2023-01-16 11:53:39	45.502282	-122.426797	0	239247116	239247116	20	3322	Weekday	0
2023-01-16 11:53:44	45.502282	-122.426797	0	239247116	239247116	20	3322	Weekday	0
2023-01-16 11:53:49	45.502282	-122.426797	0	239247116	239247116	20	3322	Weekday	0
2023-01-16 11:53:59	45.502282	-122.426797	0	239247116	239247116	20	3322	Weekday	0
2023-01-16 11:54:04	45.502282	-122.426797	0	239247116	239247116	20	3322	Weekday	0
2023-01-16 11:54:14	45.502282	-122.426797	0	239247116	239247116	20	3322	Weekday	0
2023-01-16 11:54:19	45.502282	-122.426797	0	239247116	239247116	20	3322	Weekday	0
2023-01-16 11:54:29	45.502282	-122.426797	0	239247116	239247116	20	3322	Weekday	0
2023-01-16 11:54:39	45.502282	-122.426797	0	239247116	239247116	20	3322	Weekday	0
2023-01-16 14:03:57	45.516222	-122.791655	4.71	239247116	239247116	20	3322	Weekday	0
2023-01-16 14:04:12	45.515762	-122.792727	7.73	239247116	239247116	20	3322	Weekday	0
2023-01-16 14:04:27	45.514318	-122.793843	12.07	239247116	239247116	20	3322	Weekday	0
2023-01-16 14:04:32	45.51397	-122.794107	8.8	239247116	239247116	20	3322	Weekday	0
2023-01-16 14:04:37	45.513602	-122.794387	9.2	239247116	239247116	20	3322	Weekday	0
2023-01-16 14:04:42	45.513163	-122.794723	10.8	239247116	239247116	20	3322	Weekday	0
2023-01-16 14:04:47	45.512665	-122.795092	12.4	239247116	239247116	20	3322	Weekday	0
2023-01-16 14:05:17	45.50881	-122.795782	14.37	239247116	239247116	20	3322	Weekday	0
2023-01-16 14:05:32	45.506997	-122.796493	13.8	239247116	239247116	20	3322	Weekday	0
2023-01-16 14:05:37	45.506392	-122.796718	13.8	239247116	239247116	20	3322	Weekday	0
2023-01-16 14:05:57	45.504568	-122.799418	14.8	239247116	239247116	20	3322	Weekday	0
2023-01-16 14:06:01	45.504207	-122.800307	20	239247116	239247116	20	3322	Weekday	0
2023-01-16 14:06:06	45.503845	-122.80121	16	239247116	239247116	20	3322	Weekday	0
2023-01-16 14:06:11	45.503498	-122.802075	15.4	239247116	239247116	20	3322	Weekday	0
2023-01-16 14:06:21	45.502895	-122.803572	13.3	239247116	239247116	20	3322	Weekday	0
2023-01-16 14:06:51	45.50234	-122.80499	4.17	239247116	239247116	20	3322	Weekday	0
2023-01-16 14:07:01	45.502217	-122.80523	2.2	239247116	239247116	20	3322	Weekday	0
2023-01-16 14:08:26	45.502172	-122.805297	0.09	239247116	239247116	20	3322	Weekday	0
2023-01-16 14:08:46	45.50086	-122.806313	8.25	239247116	239247116	20	3322	Weekday	0
2023-01-16 14:09:01	45.499727	-122.806977	8.93	239247116	239247116	20	3322	Weekday	0
2023-01-16 14:10:08	45.499447	-122.807145	0.49	239247116	239247116	20	3322	Weekday	0
2023-01-16 14:10:18	45.498853	-122.807508	7.1	239247116	239247116	20	3322	Weekday	0
2023-01-16 14:10:38	45.497265	-122.80844	9.4	239247116	239247116	20	3322	Weekday	0
2023-01-16 14:11:33	45.49526	-122.809557	4.31	239247116	239247116	20	3322	Weekday	0
2023-01-16 14:12:04	45.493767	-122.808615	8.1	239247116	239247116	20	3322	Weekday	0
2023-01-16 14:12:14	45.493585	-122.807697	7.1	239247116	239247116	20	3322	Weekday	0
2023-01-16 14:12:29	45.493427	-122.80698	4	239247116	239247116	20	3322	Weekday	0
2023-01-16 14:13:04	45.493692	-122.80349	7.86	239247116	239247116	20	3322	Weekday	0
2023-01-16 14:13:19	45.493697	-122.803158	1.73	239247116	239247116	20	3322	Weekday	0
2023-01-16 14:13:34	45.49337	-122.802895	3.4	239247116	239247116	20	3322	Weekday	0
2023-01-16 14:13:49	45.492073	-122.8029	9.6	239247116	239247116	20	3322	Weekday	0
2023-01-16 14:14:04	45.490825	-122.80237	9.4	239247116	239247116	20	3322	Weekday	0
2023-01-16 14:14:09	45.490518	-122.8021	7.8	239247116	239247116	20	3322	Weekday	0
2023-01-16 14:14:14	45.490322	-122.801888	4.8	239247116	239247116	20	3322	Weekday	0
2023-01-16 11:55:09	45.502282	-122.426797	4.85	239247116	239247116	20	3322	Weekday	0
2023-01-16 11:55:14	45.502282	-122.426797	0	239247116	239247116	20	3322	Weekday	0
2023-01-16 11:55:19	45.502282	-122.426797	0	239247116	239247116	20	3322	Weekday	0
2023-01-16 11:55:24	45.502282	-122.426797	0	239247116	239247116	20	3322	Weekday	0
2023-01-16 11:55:29	45.502282	-122.426797	0	239247116	239247116	20	3322	Weekday	0
2023-01-16 11:55:49	45.502282	-122.426797	0	239247116	239247116	20	3322	Weekday	0
2023-01-16 11:55:59	45.502282	-122.426797	0	239247116	239247116	20	3322	Weekday	0
2023-01-16 11:56:09	45.502282	-122.426797	0	239247116	239247116	20	3322	Weekday	0
2023-01-16 11:56:34	45.502282	-122.426797	0	239247116	239247116	20	3322	Weekday	0
2023-01-16 11:56:39	45.502282	-122.426797	0	239247116	239247116	20	3322	Weekday	0
2023-01-16 11:56:44	45.502282	-122.426797	0	239247116	239247116	20	3322	Weekday	0
2023-01-16 11:56:54	45.502282	-122.426797	0	239247116	239247116	20	3322	Weekday	0
2023-01-16 11:57:09	45.502282	-122.426797	0	239247116	239247116	20	3322	Weekday	0
2023-01-16 11:57:24	45.502282	-122.426797	0	239247116	239247116	20	3322	Weekday	0
2023-01-16 11:57:34	45.502282	-122.426797	0	239247116	239247116	20	3322	Weekday	0
2023-01-16 11:57:44	45.502282	-122.426797	0	239247116	239247116	20	3322	Weekday	0
2023-01-16 11:57:49	45.502282	-122.426797	0	239247116	239247116	20	3322	Weekday	0
2023-01-16 11:57:54	45.502282	-122.426797	0	239247116	239247116	20	3322	Weekday	0
2023-01-16 11:57:59	45.502282	-122.426797	0	239247116	239247116	20	3322	Weekday	0
2023-01-16 11:58:04	45.502282	-122.426797	0	239247116	239247116	20	3322	Weekday	0
2023-01-16 11:58:09	45.502282	-122.426797	0	239247116	239247116	20	3322	Weekday	0
2023-01-16 11:58:24	45.502282	-122.426797	0	239247116	239247116	20	3322	Weekday	0
2023-01-16 11:58:34	45.502282	-122.426797	0	239247116	239247116	20	3322	Weekday	0
2023-01-16 11:58:59	45.502282	-122.426797	0	239247116	239247116	20	3322	Weekday	0
2023-01-16 11:59:24	45.502282	-122.426797	0	239247116	239247116	20	3322	Weekday	0
2023-01-16 11:59:49	45.502282	-122.426797	0	239247116	239247116	20	3322	Weekday	0
2023-01-16 11:59:59	45.502282	-122.426797	0	239247116	239247116	20	3322	Weekday	0
2023-01-16 12:00:19	45.502282	-122.426797	0	239247116	239247116	20	3322	Weekday	0
2023-01-16 12:00:49	45.502282	-122.426797	0	239247116	239247116	20	3322	Weekday	0
2023-01-16 12:00:54	45.502282	-122.426797	0	239247116	239247116	20	3322	Weekday	0
2023-01-16 12:00:59	45.502282	-122.426797	0	239247116	239247116	20	3322	Weekday	0
2023-01-16 12:01:04	45.502282	-122.426797	0	239247116	239247116	20	3322	Weekday	0
2023-01-16 12:01:09	45.502282	-122.426797	0	239247116	239247116	20	3322	Weekday	0
2023-01-16 12:01:19	45.502282	-122.426797	0	239247116	239247116	20	3322	Weekday	0
2023-01-16 12:01:34	45.502282	-122.426797	0	239247116	239247116	20	3322	Weekday	0
2023-01-16 12:01:39	45.502282	-122.426797	0	239247116	239247116	20	3322	Weekday	0
2023-01-16 12:01:44	45.502282	-122.426797	0	239247116	239247116	20	3322	Weekday	0
2023-01-16 12:02:05	45.502282	-122.426797	0	239247116	239247116	20	3322	Weekday	0
2023-01-16 12:02:09	45.502285	-122.426847	1.25	239247116	239247116	20	3322	Weekday	0
2023-01-16 14:14:19	45.490257	-122.801805	5.11	239247116	239247116	20	3322	Weekday	0
2023-01-16 14:14:25	45.490362	-122.80153	4.17	239247116	239247116	20	3322	Weekday	0
2023-01-16 14:14:30	45.490585	-122.80158	5	239247116	239247116	20	3322	Weekday	0
2023-01-16 14:14:50	45.491155	-122.801295	3.45	239247116	239247116	20	3322	Weekday	0
2023-01-16 13:21:07	45.522893	-122.604512	11.1	239247116	239247116	20	3322	Weekday	0
2023-01-16 13:21:22	45.522922	-122.606655	11	239247116	239247116	20	3322	Weekday	0
2023-01-16 13:21:27	45.522927	-122.60719	8	239247116	239247116	20	3322	Weekday	0
2023-01-16 13:22:02	45.522905	-122.609695	5.54	239247116	239247116	20	3322	Weekday	0
2023-01-16 13:22:42	45.522908	-122.61255	5.55	239247116	239247116	20	3322	Weekday	0
2023-01-16 13:22:47	45.52291	-122.613368	12.8	239247116	239247116	20	3322	Weekday	0
2023-01-16 13:23:02	45.523132	-122.615787	12.6	239247116	239247116	20	3322	Weekday	0
2023-01-16 13:23:07	45.523132	-122.616568	12	239247116	239247116	20	3322	Weekday	0
2023-01-16 13:23:32	45.52317	-122.620447	12.6	239247116	239247116	20	3322	Weekday	0
2023-01-16 13:23:57	45.523578	-122.622838	7.4	239247116	239247116	20	3322	Weekday	0
2023-01-16 13:25:12	45.523512	-122.623925	1.2	239247116	239247116	20	3322	Weekday	0
2023-01-16 13:25:17	45.523395	-122.624733	13	239247116	239247116	20	3322	Weekday	0
2023-01-16 13:25:57	45.522882	-122.631383	12.97	239247116	239247116	20	3322	Weekday	0
2023-01-16 13:26:17	45.522895	-122.634262	11.1	239247116	239247116	20	3322	Weekday	0
2023-01-16 13:26:27	45.522898	-122.635658	10.8	239247116	239247116	20	3322	Weekday	0
2023-01-16 13:26:37	45.522897	-122.637073	10.9	239247116	239247116	20	3322	Weekday	0
2023-01-16 13:26:47	45.522925	-122.638007	6.6	239247116	239247116	20	3322	Weekday	0
2023-01-16 13:27:12	45.52289	-122.638643	2.2	239247116	239247116	20	3322	Weekday	0
2023-01-16 13:27:17	45.522888	-122.639297	10.2	239247116	239247116	20	3322	Weekday	0
2023-01-16 13:27:22	45.522892	-122.639957	10.2	239247116	239247116	20	3322	Weekday	0
2023-01-16 13:27:27	45.522895	-122.640602	9.6	239247116	239247116	20	3322	Weekday	0
2023-01-16 13:28:17	45.522908	-122.644345	5.8	239247116	239247116	20	3322	Weekday	0
2023-01-16 13:28:22	45.52291	-122.644987	9.8	239247116	239247116	20	3322	Weekday	0
2023-01-16 13:28:27	NaN	NaN	8.2	239247116	239247116	20	3322	Weekday	0
2023-01-16 13:29:07	45.522923	-122.646537	2	239247116	239247116	20	3322	Weekday	0
2023-01-16 13:29:17	45.522925	-122.647708	8.8	239247116	239247116	20	3322	Weekday	0
2023-01-16 13:29:57	45.524177	-122.649562	6.8	239247116	239247116	20	3322	Weekday	0
2023-01-16 13:30:45	45.52422	-122.650278	1.65	239247116	239247116	20	3322	Weekday	0
2023-01-16 13:30:50	45.524032	-122.650742	8.2	239247116	239247116	20	3322	Weekday	0
2023-01-16 13:31:05	45.523832	-122.65125	3	239247116	239247116	20	3322	Weekday	0
2023-01-16 13:31:10	45.523822	-122.651278	0.4	239247116	239247116	20	3322	Weekday	0
2023-01-16 13:31:15	45.52375	-122.651458	3.2	239247116	239247116	20	3322	Weekday	0
2023-01-16 12:59:59	45.519145	-122.523888	5.97	239247116	239247116	20	3322	Weekday	0
2023-01-16 13:00:49	45.519132	-122.527158	5.06	239247116	239247116	20	3322	Weekday	0
2023-01-16 13:00:54	45.519132	-122.527872	11	239247116	239247116	20	3322	Weekday	0
2023-01-16 13:01:34	45.51912	-122.533542	10.93	239247116	239247116	20	3322	Weekday	0
2023-01-16 13:02:00	45.519105	-122.534793	3.77	239247116	239247116	20	3322	Weekday	0
2023-01-16 13:02:10	45.519093	-122.536203	10.9	239247116	239247116	20	3322	Weekday	0
2023-01-16 13:02:16	45.519095	-122.536828	7.83	239247116	239247116	20	3322	Weekday	0
2023-01-16 13:02:21	45.519098	-122.537128	4.6	239247116	239247116	20	3322	Weekday	0
2023-01-16 13:02:26	45.519098	-122.537175	0.6	239247116	239247116	20	3322	Weekday	0
2023-01-16 13:02:52	45.519098	-122.537552	1.12	239247116	239247116	20	3322	Weekday	0
2023-01-16 13:04:47	45.519082	-122.538393	0.59	239247116	239247116	20	3322	Weekday	0
2023-01-16 13:04:57	45.519087	-122.53991	11.7	239247116	239247116	20	3322	Weekday	0
2023-01-16 13:05:02	45.51909	-122.540253	4.8	239247116	239247116	20	3322	Weekday	0
2023-01-16 13:06:42	45.519048	-122.544288	3.15	239247116	239247116	20	3322	Weekday	0
2023-01-16 13:06:47	45.519045	-122.54508	12.4	239247116	239247116	20	3322	Weekday	0
2023-01-16 13:06:52	45.519047	-122.545852	11.6	239247116	239247116	20	3322	Weekday	0
2023-01-16 13:06:57	45.519057	-122.546333	7	239247116	239247116	20	3322	Weekday	0
2023-01-16 13:07:27	45.519032	-122.548605	6	239247116	239247116	20	3322	Weekday	0
2023-01-16 13:07:37	45.519048	-122.550473	14.4	239247116	239247116	20	3322	Weekday	0
2023-01-16 13:07:47	45.519057	-122.552138	12.7	239247116	239247116	20	3322	Weekday	0
2023-01-16 13:44:21	45.523222	-122.694182	1.68	239247116	239247116	20	3322	Weekday	0
2023-01-16 13:08:22	45.519065	-122.556267	9	239247116	239247116	20	3322	Weekday	0
2023-01-16 13:08:32	45.519048	-122.556602	2.5	239247116	239247116	20	3322	Weekday	0
2023-01-16 13:08:34	45.519048	-122.556603	0	239247116	239247116	20	3322	Weekday	0
2023-01-16 13:08:57	45.519332	-122.557752	4.87	239247116	239247116	20	3322	Weekday	0
2023-01-16 13:09:27	45.520083	-122.558298	3.2	239247116	239247116	20	3322	Weekday	0
2023-01-16 13:09:32	45.520605	-122.558377	11.8	239247116	239247116	20	3322	Weekday	0
2023-01-16 13:09:42	45.521743	-122.558352	12.4	239247116	239247116	20	3322	Weekday	0
2023-01-16 13:11:32	45.522747	-122.56008	2.16	239247116	239247116	20	3322	Weekday	0
2023-01-16 13:11:42	45.522757	-122.56154	11	239247116	239247116	20	3322	Weekday	0
2023-01-16 13:11:47	45.522758	-122.561962	5.6	239247116	239247116	20	3322	Weekday	0
2023-01-16 13:12:37	45.522712	-122.56417	3.56	239247116	239247116	20	3322	Weekday	0
2023-01-16 13:12:42	45.522705	-122.565065	13.8	239247116	239247116	20	3322	Weekday	0
2023-01-16 13:12:57	45.522745	-122.56668	7.6	239247116	239247116	20	3322	Weekday	0
2023-01-16 13:13:37	45.522717	-122.569185	4.78	239247116	239247116	20	3322	Weekday	0
2023-01-16 13:13:57	45.522762	-122.572498	12.8	239247116	239247116	20	3322	Weekday	0
2023-01-16 13:14:02	45.522773	-122.573267	12	239247116	239247116	20	3322	Weekday	0
2023-01-16 13:14:07	45.522802	-122.573718	7.2	239247116	239247116	20	3322	Weekday	0
2023-01-16 13:14:47	45.522753	-122.57473	1.95	239247116	239247116	20	3322	Weekday	0
2023-01-16 13:14:57	45.522765	-122.576262	11.8	239247116	239247116	20	3322	Weekday	0
2023-01-16 13:16:51	45.522797	-122.579967	2.52	239247116	239247116	20	3322	Weekday	0
2023-01-16 13:16:56	45.522793	-122.580717	11.6	239247116	239247116	20	3322	Weekday	0
2023-01-16 13:17:06	45.52282	-122.582088	10.5	239247116	239247116	20	3322	Weekday	0
2023-01-16 13:17:11	45.522837	-122.582307	3.4	239247116	239247116	20	3322	Weekday	0
2023-01-16 13:17:56	45.52307	-122.588012	9.89	239247116	239247116	20	3322	Weekday	0
2023-01-16 13:18:11	45.523108	-122.590492	12.87	239247116	239247116	20	3322	Weekday	0
2023-01-16 13:18:21	45.523143	-122.592282	13.9	239247116	239247116	20	3322	Weekday	0
2023-01-16 13:18:26	45.52315	-122.59311	12.6	239247116	239247116	20	3322	Weekday	0
2023-01-16 13:19:01	45.523133	-122.593803	1.54	239247116	239247116	20	3322	Weekday	0
2023-01-16 13:19:06	45.523127	-122.594448	10.2	239247116	239247116	20	3322	Weekday	0
2023-01-16 13:19:11	45.523122	-122.59528	12.8	239247116	239247116	20	3322	Weekday	0
2023-01-16 13:19:22	45.523112	-122.597108	12.82	239247116	239247116	20	3322	Weekday	0
2023-01-16 13:19:32	45.522892	-122.598625	12	239247116	239247116	20	3322	Weekday	0
2023-01-16 13:19:52	45.522923	-122.601467	10.95	239247116	239247116	20	3322	Weekday	0
2023-01-16 13:19:57	45.522927	-122.601978	7.8	239247116	239247116	20	3322	Weekday	0
2023-01-16 13:20:02	45.522925	-122.602157	2.6	239247116	239247116	20	3322	Weekday	0
2023-01-16 13:21:02	45.522892	-122.603768	2.12	239247116	239247116	20	3322	Weekday	0
2023-01-16 13:21:12	45.5229	-122.605245	11.4	239247116	239247116	20	3322	Weekday	0
2023-01-16 13:21:32	45.522928	-122.60734	7.9	239247116	239247116	20	3322	Weekday	0
2023-01-16 13:21:52	45.522902	-122.60838	4.2	239247116	239247116	20	3322	Weekday	0
2023-01-16 13:21:57	45.522897	-122.609085	10.8	239247116	239247116	20	3322	Weekday	0
2023-01-16 13:22:07	45.522935	-122.610055	7.3	239247116	239247116	20	3322	Weekday	0
2023-01-16 13:22:37	45.522908	-122.611737	4.43	239247116	239247116	20	3322	Weekday	0
2023-01-16 13:22:52	45.522922	-122.614212	12.73	239247116	239247116	20	3322	Weekday	0
2023-01-16 13:22:57	45.523008	-122.615043	13	239247116	239247116	20	3322	Weekday	0
2023-01-16 13:23:12	45.523075	-122.61738	12.13	239247116	239247116	20	3322	Weekday	0
2023-01-16 13:23:17	45.52288	-122.618162	13	239247116	239247116	20	3322	Weekday	0
2023-01-16 13:23:37	45.523317	-122.621202	12.35	239247116	239247116	20	3322	Weekday	0
2023-01-16 13:23:42	45.523472	-122.621887	11	239247116	239247116	20	3322	Weekday	0
2023-01-16 13:23:47	45.523555	-122.622433	8.4	239247116	239247116	20	3322	Weekday	0
2023-01-16 13:25:07	45.523555	-122.623265	0.81	239247116	239247116	20	3322	Weekday	0
2023-01-16 13:25:22	45.523193	-122.625583	12.47	239247116	239247116	20	3322	Weekday	0
2023-01-16 13:25:27	45.523023	-122.626462	14.2	239247116	239247116	20	3322	Weekday	0
2023-01-16 13:25:32	45.522918	-122.627348	13.8	239247116	239247116	20	3322	Weekday	0
2023-01-16 13:25:47	45.522872	-122.629877	12.93	239247116	239247116	20	3322	Weekday	0
2023-01-16 13:25:52	45.522872	-122.630653	12	239247116	239247116	20	3322	Weekday	0
2023-01-16 13:26:07	45.522888	-122.6328	11.07	239247116	239247116	20	3322	Weekday	0
2023-01-16 13:26:32	45.522903	-122.636383	11.04	239247116	239247116	20	3322	Weekday	0
2023-01-16 13:26:42	45.522917	-122.637697	9.9	239247116	239247116	20	3322	Weekday	0
2023-01-16 13:27:32	45.522902	-122.64106	5.16	239247116	239247116	20	3322	Weekday	0
2023-01-16 13:27:42	45.522908	-122.641305	1.8	239247116	239247116	20	3322	Weekday	0
2023-01-16 13:27:47	45.522915	-122.641587	4.4	239247116	239247116	20	3322	Weekday	0
2023-01-16 13:27:52	45.52292	-122.641743	2	239247116	239247116	20	3322	Weekday	0
2023-01-16 13:27:57	45.522903	-122.641942	3.8	239247116	239247116	20	3322	Weekday	0
2023-01-16 13:28:07	45.522907	-122.643107	9.2	239247116	239247116	20	3322	Weekday	0
2023-01-16 13:29:12	45.522925	-122.647203	4.88	239247116	239247116	20	3322	Weekday	0
2023-01-16 13:29:27	45.522925	-122.648707	7.67	239247116	239247116	20	3322	Weekday	0
2023-01-16 13:29:32	45.522925	-122.64923	7.8	239247116	239247116	20	3322	Weekday	0
2023-01-16 13:29:37	45.522973	-122.649577	5	239247116	239247116	20	3322	Weekday	0
2023-01-16 13:29:47	45.523538	-122.649612	6.5	239247116	239247116	20	3322	Weekday	0
2023-01-16 13:30:55	45.523882	-122.65113	3.22	239247116	239247116	20	3322	Weekday	0
2023-01-16 13:31:07	45.523832	-122.65125	0.92	239247116	239247116	20	3322	Weekday	0
2023-01-16 13:31:25	45.523638	-122.652178	4.17	239247116	239247116	20	3322	Weekday	0
2023-01-16 13:31:30	45.52365	-122.6527	8	239247116	239247116	20	3322	Weekday	0
2023-01-16 13:31:35	45.52365	-122.653163	7.2	239247116	239247116	20	3322	Weekday	0
2023-01-16 13:31:40	45.523647	-122.653348	2.8	239247116	239247116	20	3322	Weekday	0
2023-01-16 13:32:59	45.523628	-122.655433	2.01	239247116	239247116	20	3322	Weekday	0
2023-01-16 13:33:09	45.523633	-122.656513	8.3	239247116	239247116	20	3322	Weekday	0
2023-01-16 13:33:19	45.523633	-122.657557	8	239247116	239247116	20	3322	Weekday	0
2023-01-16 13:33:29	45.523633	-122.658522	7.4	239247116	239247116	20	3322	Weekday	0
2023-01-16 13:33:49	45.523638	-122.660688	8.35	239247116	239247116	20	3322	Weekday	0
2023-01-16 13:33:59	45.523658	-122.661437	5.8	239247116	239247116	20	3322	Weekday	0
2023-01-16 13:34:39	45.523663	-122.661882	0.85	239247116	239247116	20	3322	Weekday	0
2023-01-16 13:34:45	45.523587	-122.662272	5.33	239247116	239247116	20	3322	Weekday	0
2023-01-16 13:34:59	45.523017	-122.662987	7.21	239247116	239247116	20	3322	Weekday	0
2023-01-16 13:35:14	45.523047	-122.665703	14	239247116	239247116	20	3322	Weekday	0
2023-01-16 13:35:19	45.523063	-122.666793	17	239247116	239247116	20	3322	Weekday	0
2023-01-16 13:35:34	45.523118	-122.66974	15.07	239247116	239247116	20	3322	Weekday	0
2023-01-16 13:35:39	45.523163	-122.670432	10.6	239247116	239247116	20	3322	Weekday	0
2023-01-16 13:35:45	45.523198	-122.670935	6.33	239247116	239247116	20	3322	Weekday	0
2023-01-16 13:36:11	45.523195	-122.672592	4.96	239247116	239247116	20	3322	Weekday	0
2023-01-16 13:36:21	45.523183	-122.673652	8.1	239247116	239247116	20	3322	Weekday	0
2023-01-16 13:36:51	45.52316	-122.674208	1.43	239247116	239247116	20	3322	Weekday	0
2023-01-16 13:37:11	45.52315	-122.67577	5.95	239247116	239247116	20	3322	Weekday	0
2023-01-16 13:38:31	45.523032	-122.678958	3.1	239247116	239247116	20	3322	Weekday	0
2023-01-16 13:39:06	45.522953	-122.68122	5	239247116	239247116	20	3322	Weekday	0
2023-01-16 13:39:21	45.522932	-122.682537	6.8	239247116	239247116	20	3322	Weekday	0
2023-01-16 13:39:26	45.522925	-122.683	7.2	239247116	239247116	20	3322	Weekday	0
2023-01-16 13:40:06	45.522867	-122.684645	3.17	239247116	239247116	20	3322	Weekday	0
2023-01-16 13:40:11	45.522868	-122.684957	4.4	239247116	239247116	20	3322	Weekday	0
2023-01-16 13:41:31	45.522845	-122.687105	2.1	239247116	239247116	20	3322	Weekday	0
2023-01-16 13:42:26	45.52297	-122.689347	3.15	239247116	239247116	20	3322	Weekday	0
2023-01-16 13:42:31	45.522998	-122.68975	6.2	239247116	239247116	20	3322	Weekday	0
2023-01-16 13:43:06	45.523095	-122.691777	4.51	239247116	239247116	20	3322	Weekday	0
2023-01-16 13:43:11	45.52312	-122.692312	8.4	239247116	239247116	20	3322	Weekday	0
2023-01-16 13:43:16	45.523142	-122.692742	6.2	239247116	239247116	20	3322	Weekday	0
2023-01-16 13:54:22	45.514723	-122.754602	12.5	239247116	239247116	20	3322	Weekday	0
2023-01-16 13:54:57	45.51192	-122.758503	12.77	239247116	239247116	20	3322	Weekday	0
2023-01-16 13:55:37	45.51047	-122.761092	6.55	239247116	239247116	20	3322	Weekday	0
2023-01-16 13:55:57	45.508947	-122.764328	15.25	239247116	239247116	20	3322	Weekday	0
2023-01-16 13:56:02	45.508745	-122.765287	15.6	239247116	239247116	20	3322	Weekday	0
2023-01-16 13:56:12	45.508642	-122.767242	15.1	239247116	239247116	20	3322	Weekday	0
2023-01-16 13:56:17	45.508695	-122.768115	13.6	239247116	239247116	20	3322	Weekday	0
2023-01-16 13:56:27	45.508807	-122.769753	12.6	239247116	239247116	20	3322	Weekday	0
2023-01-16 13:56:57	45.509578	-122.769648	5.57	239247116	239247116	20	3322	Weekday	0
2023-01-16 13:57:07	45.509975	-122.7698	4.9	239247116	239247116	20	3322	Weekday	0
2023-01-16 13:57:42	45.509918	-122.771667	4.09	239247116	239247116	20	3322	Weekday	0
2023-01-16 13:58:17	45.509858	-122.772643	2.23	239247116	239247116	20	3322	Weekday	0
2023-01-16 13:58:27	45.50942	-122.772735	5.1	239247116	239247116	20	3322	Weekday	0
2023-01-16 13:59:22	45.509188	-122.773352	1.53	239247116	239247116	20	3322	Weekday	0
2023-01-16 13:59:37	45.509758	-122.774873	8.73	239247116	239247116	20	3322	Weekday	0
2023-01-16 13:59:42	45.509863	-122.775068	3.2	239247116	239247116	20	3322	Weekday	0
2023-01-16 13:59:52	45.510073	-122.775475	4.4	239247116	239247116	20	3322	Weekday	0
2023-01-16 13:59:57	45.510355	-122.776025	10.8	239247116	239247116	20	3322	Weekday	0
2023-01-16 14:00:02	45.510637	-122.77671	12.4	239247116	239247116	20	3322	Weekday	0
2023-01-16 14:00:12	45.510835	-122.778032	10	239247116	239247116	20	3322	Weekday	0
2023-01-16 14:00:22	45.51068	-122.778962	7.5	239247116	239247116	20	3322	Weekday	0
2023-01-16 14:00:47	45.509818	-122.781058	7.56	239247116	239247116	20	3322	Weekday	0
2023-01-16 14:01:27	45.510375	-122.78277	3.7	239247116	239247116	20	3322	Weekday	0
2023-01-16 14:01:32	45.510577	-122.783302	9.6	239247116	239247116	20	3322	Weekday	0
2023-01-16 14:01:37	45.510807	-122.783893	10.6	239247116	239247116	20	3322	Weekday	0
2023-01-16 14:01:42	45.511098	-122.784495	11.2	239247116	239247116	20	3322	Weekday	0
2023-01-16 14:01:57	45.512203	-122.784605	9.13	239247116	239247116	20	3322	Weekday	0
2023-01-16 14:02:06	45.512383	-122.784535	1.78	239247116	239247116	20	3322	Weekday	0
2023-01-16 14:02:27	45.512748	-122.786238	7.67	239247116	239247116	20	3322	Weekday	0
2023-01-16 14:02:32	45.51309	-122.787235	14	239247116	239247116	20	3322	Weekday	0
2023-01-16 14:02:42	45.514385	-122.788543	17.7	239247116	239247116	20	3322	Weekday	0
2023-01-16 14:02:57	45.515515	-122.78969	10.4	239247116	239247116	20	3322	Weekday	0
2023-01-16 14:03:27	45.51594	-122.790553	2.67	239247116	239247116	20	3322	Weekday	0
2023-01-16 14:03:37	45.51616	-122.791408	7.1	239247116	239247116	20	3322	Weekday	0
2023-01-16 14:03:42	45.516187	-122.791512	1.6	239247116	239247116	20	3322	Weekday	0
2023-01-16 11:51:21	45.502282	-122.426797	4.6	239247116	239247116	20	3322	Weekday	0
2023-01-16 11:51:36	45.502282	-122.426797	0	239247116	239247116	20	3322	Weekday	0
2023-01-16 11:51:47	45.502282	-122.426797	0	239247116	239247116	20	3322	Weekday	0
2023-01-16 11:52:19	45.502282	-122.426797	0	239247116	239247116	20	3322	Weekday	0
2023-01-16 11:52:29	45.502282	-122.426797	0	239247116	239247116	20	3322	Weekday	0
2023-01-16 11:52:49	45.502282	-122.426797	0	239247116	239247116	20	3322	Weekday	0
2023-01-16 11:53:04	45.502282	-122.426797	0	239247116	239247116	20	3322	Weekday	0
2023-01-16 11:53:09	45.502282	-122.426797	0	239247116	239247116	20	3322	Weekday	0
2023-01-16 11:54:34	45.502282	-122.426797	0	239247116	239247116	20	3322	Weekday	0
2023-01-16 11:54:44	45.502282	-122.426797	0	239247116	239247116	20	3322	Weekday	0
2023-01-16 14:04:02	45.516305	-122.79209	4.72	239247116	239247116	20	3322	Weekday	0
2023-01-16 14:04:07	45.516127	-122.792462	6.8	239247116	239247116	20	3322	Weekday	0
2023-01-16 14:04:22	45.51477	-122.793493	11.47	239247116	239247116	20	3322	Weekday	0
2023-01-16 14:04:52	45.512087	-122.795377	10.97	239247116	239247116	20	3322	Weekday	0
2023-01-16 14:04:57	45.51142	-122.795405	14.8	239247116	239247116	20	3322	Weekday	0
2023-01-16 14:05:07	45.51005	-122.795373	15	239247116	239247116	20	3322	Weekday	0
2023-01-16 14:05:22	45.50821	-122.796028	13.93	239247116	239247116	20	3322	Weekday	0
2023-01-16 14:05:27	45.507605	-122.796262	13.8	239247116	239247116	20	3322	Weekday	0
2023-01-16 14:05:42	45.505827	-122.797133	13.87	239247116	239247116	20	3322	Weekday	0
2023-01-16 14:05:47	45.50533	-122.797747	14.4	239247116	239247116	20	3322	Weekday	0
2023-01-16 14:06:16	45.50318	-122.802865	15.9	239247116	239247116	20	3322	Weekday	0
2023-01-16 14:06:31	45.50263	-122.804255	8.2	239247116	239247116	20	3322	Weekday	0
2023-01-16 14:06:36	45.502628	-122.80426	0	239247116	239247116	20	3322	Weekday	0
2023-01-16 14:06:56	45.502245	-122.805182	4.1	239247116	239247116	20	3322	Weekday	0
2023-01-16 14:08:36	45.501592	-122.805835	0.89	239247116	239247116	20	3322	Weekday	0
2023-01-16 14:08:41	45.50121	-122.806085	9.4	239247116	239247116	20	3322	Weekday	0
2023-01-16 14:08:51	45.500498	-122.806522	8.5	239247116	239247116	20	3322	Weekday	0
2023-01-16 14:08:56	45.50009	-122.80676	9.6	239247116	239247116	20	3322	Weekday	0
2023-01-16 14:09:06	45.499518	-122.8071	6.7	239247116	239247116	20	3322	Weekday	0
2023-01-16 14:10:23	45.498477	-122.807727	1.62	239247116	239247116	20	3322	Weekday	0
2023-01-16 14:10:33	45.497677	-122.8082	9.5	239247116	239247116	20	3322	Weekday	0
2023-01-16 14:10:43	45.497013	-122.808593	7.6	239247116	239247116	20	3322	Weekday	0
2023-01-16 14:11:18	45.496603	-122.808835	1.43	239247116	239247116	20	3322	Weekday	0
2023-01-16 14:11:23	45.49624	-122.809023	8.6	239247116	239247116	20	3322	Weekday	0
2023-01-16 14:11:28	45.495772	-122.80926	11.2	239247116	239247116	20	3322	Weekday	0
2023-01-16 14:11:43	45.494433	-122.809987	10.33	239247116	239247116	20	3322	Weekday	0
2023-01-16 14:11:54	45.493977	-122.8097	6.18	239247116	239247116	20	3322	Weekday	0
2023-01-16 14:12:09	45.493653	-122.808063	8.8	239247116	239247116	20	3322	Weekday	0
2023-01-16 14:12:19	45.493553	-122.807587	3.6	239247116	239247116	20	3322	Weekday	0
2023-01-16 14:12:34	45.493587	-122.80662	5.73	239247116	239247116	20	3322	Weekday	0
2023-01-16 14:12:44	45.493662	-122.805457	9.3	239247116	239247116	20	3322	Weekday	0
2023-01-16 14:12:59	45.493692	-122.803723	8.73	239247116	239247116	20	3322	Weekday	0
2023-01-16 14:13:14	45.493695	-122.803293	2.13	239247116	239247116	20	3322	Weekday	0
2023-01-16 14:13:29	45.493627	-122.8029	2.13	239247116	239247116	20	3322	Weekday	0
2023-01-16 14:13:54	45.491625	-122.802713	8.96	239247116	239247116	20	3322	Weekday	0
2023-01-16 11:54:59	45.502282	-122.426797	4.84	239247116	239247116	20	3322	Weekday	0
2023-01-16 11:55:04	45.502282	-122.426797	0	239247116	239247116	20	3322	Weekday	0
2023-01-16 11:55:34	45.502282	-122.426797	0	239247116	239247116	20	3322	Weekday	0
2023-01-16 11:55:39	45.502282	-122.426797	0	239247116	239247116	20	3322	Weekday	0
2023-01-16 11:55:44	45.502282	-122.426797	0	239247116	239247116	20	3322	Weekday	0
2023-01-16 11:55:54	45.502282	-122.426797	0	239247116	239247116	20	3322	Weekday	0
2023-01-16 11:56:04	45.502282	-122.426797	0	239247116	239247116	20	3322	Weekday	0
2023-01-16 11:56:14	45.502282	-122.426797	0	239247116	239247116	20	3322	Weekday	0
2023-01-16 11:56:19	45.502282	-122.426797	0	239247116	239247116	20	3322	Weekday	0
2023-01-16 11:56:24	45.502282	-122.426797	0	239247116	239247116	20	3322	Weekday	0
2023-01-16 11:56:29	45.502282	-122.426797	0	239247116	239247116	20	3322	Weekday	0
2023-01-16 11:56:49	45.502282	-122.426797	0	239247116	239247116	20	3322	Weekday	0
2023-01-16 11:57:04	45.502282	-122.426797	0	239247116	239247116	20	3322	Weekday	0
2023-01-16 11:57:19	45.502282	-122.426797	0	239247116	239247116	20	3322	Weekday	0
2023-01-16 11:57:39	45.502282	-122.426797	0	239247116	239247116	20	3322	Weekday	0
2023-01-16 11:58:14	45.502282	-122.426797	0	239247116	239247116	20	3322	Weekday	0
2023-01-16 11:58:19	45.502282	-122.426797	0	239247116	239247116	20	3322	Weekday	0
2023-01-16 11:58:39	45.502282	-122.426797	0	239247116	239247116	20	3322	Weekday	0
2023-01-16 11:58:49	45.502282	-122.426797	0	239247116	239247116	20	3322	Weekday	0
2023-01-16 11:58:54	45.502282	-122.426797	0	239247116	239247116	20	3322	Weekday	0
2023-01-16 11:59:04	45.502282	-122.426797	0	239247116	239247116	20	3322	Weekday	0
2023-01-16 11:59:09	45.502282	-122.426797	0	239247116	239247116	20	3322	Weekday	0
2023-01-16 11:59:19	45.502282	-122.426797	0	239247116	239247116	20	3322	Weekday	0
2023-01-16 11:59:29	45.502282	-122.426797	0	239247116	239247116	20	3322	Weekday	0
2023-01-16 11:59:34	45.502282	-122.426797	0	239247116	239247116	20	3322	Weekday	0
2023-01-16 11:59:39	45.502282	-122.426797	0	239247116	239247116	20	3322	Weekday	0
2023-01-16 11:59:54	45.502282	-122.426797	0	239247116	239247116	20	3322	Weekday	0
2023-01-16 12:00:04	45.502282	-122.426797	0	239247116	239247116	20	3322	Weekday	0
2023-01-16 12:00:09	45.502282	-122.426797	0	239247116	239247116	20	3322	Weekday	0
2023-01-16 12:00:29	45.502282	-122.426797	0	239247116	239247116	20	3322	Weekday	0
2023-01-16 12:00:44	45.502282	-122.426797	0	239247116	239247116	20	3322	Weekday	0
2023-01-16 12:01:14	45.502282	-122.426797	0	239247116	239247116	20	3322	Weekday	0
2023-01-16 12:01:29	45.502282	-122.426797	0	239247116	239247116	20	3322	Weekday	0
2023-01-16 12:02:04	45.502282	-122.426797	0	239247116	239247116	20	3322	Weekday	0
2023-01-16 14:14:45	45.491048	-122.801427	5.1	239247116	239247116	20	3322	Weekday	0
2023-01-16 14:14:55	45.491228	-122.801227	2.3	239247116	239247116	20	3322	Weekday	0
2023-01-16 12:02:16	45.502292	-122.426998	5.1	239247116	239247116	20	3322	Weekday	0
2023-01-16 12:02:24	45.502292	-122.426998	0	239247116	239247116	20	3322	Weekday	0
2023-01-16 12:02:39	45.502292	-122.426998	0	239247116	239247116	20	3322	Weekday	0
2023-01-16 12:02:49	45.502292	-122.426998	0	239247116	239247116	20	3322	Weekday	0
2023-01-16 12:03:04	45.502292	-122.426998	0	239247116	239247116	20	3322	Weekday	0
2023-01-16 12:03:14	45.502292	-122.426998	0	239247116	239247116	20	3322	Weekday	0
2023-01-16 12:03:19	45.502292	-122.426998	0	239247116	239247116	20	3322	Weekday	0
2023-01-16 12:03:24	45.502292	-122.426998	0	239247116	239247116	20	3322	Weekday	0
2023-01-16 12:03:44	45.502292	-122.426998	0	239247116	239247116	20	3322	Weekday	0
2023-01-16 12:04:09	45.502292	-122.426998	0	239247116	239247116	20	3322	Weekday	0
2023-01-16 12:04:13	45.502292	-122.426998	0	239247116	239247116	20	3322	Weekday	0
2023-01-16 12:04:18	45.502292	-122.426998	0	239247116	239247116	20	3322	Weekday	0
2023-01-16 12:04:28	45.502292	-122.426998	0	239247116	239247116	20	3322	Weekday	0
2023-01-16 12:04:38	45.502292	-122.426998	0	239247116	239247116	20	3322	Weekday	0
2023-01-16 12:05:08	45.502292	-122.426998	0	239247116	239247116	20	3322	Weekday	0
2023-01-16 12:05:13	45.502292	-122.426998	0	239247116	239247116	20	3322	Weekday	0
2023-01-16 12:05:28	45.502292	-122.426998	0	239247116	239247116	20	3322	Weekday	0
2023-01-16 12:05:33	45.502292	-122.426998	0	239247116	239247116	20	3322	Weekday	0
2023-01-16 12:05:48	45.502292	-122.426998	0	239247116	239247116	20	3322	Weekday	0
2023-01-16 12:05:53	45.502292	-122.426998	0	239247116	239247116	20	3322	Weekday	0
2023-01-16 12:05:58	45.502292	-122.426998	0	239247116	239247116	20	3322	Weekday	0
2023-01-16 12:06:28	45.502292	-122.426998	0	239247116	239247116	20	3322	Weekday	0
2023-01-16 12:07:08	45.502292	-122.426998	0	239247116	239247116	20	3322	Weekday	0
2023-01-16 12:07:18	45.502292	-122.426998	0	239247116	239247116	20	3322	Weekday	0
2023-01-16 12:07:24	45.502292	-122.426998	0	239247116	239247116	20	3322	Weekday	0
2023-01-16 12:07:42	45.502292	-122.426998	0	239247116	239247116	20	3322	Weekday	0
2023-01-16 12:08:02	45.502292	-122.426998	0	239247116	239247116	20	3322	Weekday	0
2023-01-16 12:08:57	45.502292	-122.426998	0	239247116	239247116	20	3322	Weekday	0
2023-01-16 12:09:12	45.502292	-122.426998	0	239247116	239247116	20	3322	Weekday	0
2023-01-16 12:02:29	45.502292	-122.426998	-0	239247116	239247116	20	3322	Weekday	0
2023-01-16 12:02:34	45.502292	-122.426998	0	239247116	239247116	20	3322	Weekday	0
2023-01-16 12:02:44	45.502292	-122.426998	0	239247116	239247116	20	3322	Weekday	0
2023-01-16 12:02:54	45.502292	-122.426998	0	239247116	239247116	20	3322	Weekday	0
2023-01-16 12:02:59	45.502292	-122.426998	0	239247116	239247116	20	3322	Weekday	0
2023-01-16 12:03:09	45.502292	-122.426998	0	239247116	239247116	20	3322	Weekday	0
2023-01-16 12:03:29	45.502292	-122.426998	0	239247116	239247116	20	3322	Weekday	0
2023-01-16 12:03:54	45.502292	-122.426998	0	239247116	239247116	20	3322	Weekday	0
2023-01-16 12:03:59	45.502292	-122.426998	0	239247116	239247116	20	3322	Weekday	0
2023-01-16 12:04:03	45.502292	-122.426998	0	239247116	239247116	20	3322	Weekday	0
2023-01-16 12:04:24	45.502292	-122.426998	0	239247116	239247116	20	3322	Weekday	0
2023-01-16 12:04:33	45.502292	-122.426998	0	239247116	239247116	20	3322	Weekday	0
2023-01-16 12:04:43	45.502292	-122.426998	0	239247116	239247116	20	3322	Weekday	0
2023-01-16 12:04:53	45.502292	-122.426998	0	239247116	239247116	20	3322	Weekday	0
2023-01-16 12:05:03	45.502292	-122.426998	0	239247116	239247116	20	3322	Weekday	0
2023-01-16 12:05:18	45.502292	-122.426998	0	239247116	239247116	20	3322	Weekday	0
2023-01-16 12:05:23	45.502292	-122.426998	0	239247116	239247116	20	3322	Weekday	0
2023-01-16 12:05:38	45.502292	-122.426998	0	239247116	239247116	20	3322	Weekday	0
2023-01-16 12:05:43	45.502292	-122.426998	0	239247116	239247116	20	3322	Weekday	0
2023-01-16 12:06:03	45.502292	-122.426998	0	239247116	239247116	20	3322	Weekday	0
2023-01-16 12:06:08	45.502292	-122.426998	0	239247116	239247116	20	3322	Weekday	0
2023-01-16 12:06:13	45.502292	-122.426998	0	239247116	239247116	20	3322	Weekday	0
2023-01-16 12:06:18	45.502292	-122.426998	0	239247116	239247116	20	3322	Weekday	0
2023-01-16 12:06:23	45.502292	-122.426998	0	239247116	239247116	20	3322	Weekday	0
2023-01-16 12:06:33	45.502292	-122.426998	0	239247116	239247116	20	3322	Weekday	0
2023-01-16 12:06:43	45.502292	-122.426998	0	239247116	239247116	20	3322	Weekday	0
2023-01-16 12:06:48	45.502292	-122.426998	0	239247116	239247116	20	3322	Weekday	0
2023-01-16 12:06:53	45.502292	-122.426998	0	239247116	239247116	20	3322	Weekday	0
2023-01-16 12:07:03	45.502292	-122.426998	0	239247116	239247116	20	3322	Weekday	0
2023-01-16 12:07:30	45.502292	-122.426998	0	239247116	239247116	20	3322	Weekday	0
2023-01-16 12:07:36	45.502292	-122.426998	0	239247116	239247116	20	3322	Weekday	0
2023-01-16 12:07:52	45.502292	-122.426998	0	239247116	239247116	20	3322	Weekday	0
2023-01-16 12:08:07	45.502292	-122.426998	0	239247116	239247116	20	3322	Weekday	0
2023-01-16 12:08:12	45.502292	-122.426998	0	239247116	239247116	20	3322	Weekday	0
2023-01-16 12:08:27	45.502292	-122.426998	0	239247116	239247116	20	3322	Weekday	0
2023-01-16 12:08:32	45.502292	-122.426998	0	239247116	239247116	20	3322	Weekday	0
2023-01-16 12:08:47	45.502292	-122.426998	0	239247116	239247116	20	3322	Weekday	0
2023-01-16 12:09:07	45.502292	-122.426998	0	239247116	239247116	20	3322	Weekday	0
2023-01-16 12:09:17	45.502292	-122.426998	0	239247116	239247116	20	3322	Weekday	0
2023-01-16 12:09:27	45.502292	-122.426998	0	239247116	239247116	20	3322	Weekday	0
2023-01-16 12:09:32	45.502292	-122.426998	0	239247116	239247116	20	3322	Weekday	0
2023-01-16 12:09:52	45.502292	-122.426998	0	239247116	239247116	20	3322	Weekday	0
2023-01-16 12:10:02	45.502292	-122.426998	0	239247116	239247116	20	3322	Weekday	0
2023-01-16 12:10:07	45.502292	-122.426998	0	239247116	239247116	20	3322	Weekday	0
2023-01-16 12:10:12	45.502292	-122.426998	0	239247116	239247116	20	3322	Weekday	0
2023-01-16 12:10:17	45.502292	-122.426998	0	239247116	239247116	20	3322	Weekday	0
2023-01-16 12:10:32	45.502292	-122.426998	0	239247116	239247116	20	3322	Weekday	0
2023-01-16 12:10:42	45.502292	-122.426998	0	239247116	239247116	20	3322	Weekday	0
2023-01-16 12:10:47	45.502292	-122.426998	0	239247116	239247116	20	3322	Weekday	0
2023-01-16 12:11:17	45.502292	-122.426998	0	239247116	239247116	20	3322	Weekday	0
2023-01-16 12:11:22	45.502292	-122.426998	0	239247116	239247116	20	3322	Weekday	0
2023-01-16 12:11:27	45.502292	-122.426998	0	239247116	239247116	20	3322	Weekday	0
2023-01-16 12:11:32	45.502292	-122.426998	0	239247116	239247116	20	3322	Weekday	0
2023-01-16 12:11:42	45.502292	-122.426998	0	239247116	239247116	20	3322	Weekday	0
2023-01-16 12:11:52	45.502292	-122.426998	0	239247116	239247116	20	3322	Weekday	0
2023-01-16 12:12:12	45.502292	-122.426998	0	239247116	239247116	20	3322	Weekday	0
2023-01-16 12:12:17	45.502292	-122.426998	0	239247116	239247116	20	3322	Weekday	0
2023-01-16 12:12:22	45.502292	-122.426998	0	239247116	239247116	20	3322	Weekday	0
2023-01-16 12:19:04	45.502292	-122.426998	0	239247116	239247116	20	3322	Weekday	0
2023-01-16 12:19:14	45.502292	-122.426998	0	239247116	239247116	20	3322	Weekday	0
2023-01-16 12:19:19	45.502292	-122.426998	0	239247116	239247116	20	3322	Weekday	0
2023-01-16 12:19:24	45.502292	-122.426998	0	239247116	239247116	20	3322	Weekday	0
2023-01-16 12:19:39	45.502292	-122.426998	0	239247116	239247116	20	3322	Weekday	0
2023-01-16 12:19:44	45.502292	-122.426998	0	239247116	239247116	20	3322	Weekday	0
2023-01-16 12:20:00	45.502292	-122.426998	0	239247116	239247116	20	3322	Weekday	0
2023-01-16 12:20:09	45.502275	-122.42729	2.33	239247116	239247116	20	3322	Weekday	0
2023-01-16 12:20:23	45.502223	-122.427898	3.36	239247116	239247116	20	3322	Weekday	0
2023-01-16 12:20:33	45.502505	-122.427983	3.3	239247116	239247116	20	3322	Weekday	0
2023-01-16 12:20:38	45.502635	-122.427973	3	239247116	239247116	20	3322	Weekday	0
2023-01-16 12:20:43	45.502662	-122.427967	0.4	239247116	239247116	20	3322	Weekday	0
2023-01-16 12:21:03	45.502817	-122.42743	3	239247116	239247116	20	3322	Weekday	0
2023-01-16 12:21:08	45.502765	-122.427228	3.4	239247116	239247116	20	3322	Weekday	0
2023-01-16 12:21:13	45.502717	-122.427037	3.2	239247116	239247116	20	3322	Weekday	0
2023-01-16 12:21:23	45.502632	-122.42673	2.6	239247116	239247116	20	3322	Weekday	0
2023-01-16 12:21:28	45.502598	-122.426577	2.4	239247116	239247116	20	3322	Weekday	0
2023-01-16 12:22:53	45.503092	-122.426223	0.87	239247116	239247116	20	3322	Weekday	0
2023-01-16 12:22:58	45.503452	-122.426208	8	239247116	239247116	20	3322	Weekday	0
2023-01-16 12:23:08	45.504175	-122.42602	8	239247116	239247116	20	3322	Weekday	0
2023-01-16 12:23:56	45.504893	-122.425848	1.71	239247116	239247116	20	3322	Weekday	0
2023-01-16 12:24:01	45.50489	-122.425437	6.4	239247116	239247116	20	3322	Weekday	0
2023-01-16 12:24:11	45.50492	-122.424195	9.5	239247116	239247116	20	3322	Weekday	0
2023-01-16 12:24:21	45.504948	-122.422847	10.4	239247116	239247116	20	3322	Weekday	0
2023-01-16 12:24:26	45.50489	-122.422232	9.4	239247116	239247116	20	3322	Weekday	0
2023-01-16 12:24:31	45.504822	-122.421725	8	239247116	239247116	20	3322	Weekday	0
2023-01-16 12:24:56	45.50477	-122.42135	1.12	239247116	239247116	20	3322	Weekday	0
2023-01-16 12:25:06	45.504695	-122.420443	7.1	239247116	239247116	20	3322	Weekday	0
2023-01-16 12:25:11	45.504703	-122.419827	9.6	239247116	239247116	20	3322	Weekday	0
2023-01-16 12:25:16	45.504715	-122.419237	9.2	239247116	239247116	20	3322	Weekday	0
2023-01-16 12:25:21	45.504722	-122.418702	8.2	239247116	239247116	20	3322	Weekday	0
2023-01-16 12:26:46	45.504745	-122.417453	1.13	239247116	239247116	20	3322	Weekday	0
2023-01-16 12:28:41	45.50478	-122.41469	1.87	239247116	239247116	20	3322	Weekday	0
2023-01-16 12:28:46	45.504787	-122.414075	9.4	239247116	239247116	20	3322	Weekday	0
2023-01-16 12:29:31	45.504787	-122.41137	4.69	239247116	239247116	20	3322	Weekday	0
2023-01-16 12:29:36	45.504787	-122.410467	14	239247116	239247116	20	3322	Weekday	0
2023-01-16 12:29:41	45.504787	-122.409557	14	239247116	239247116	20	3322	Weekday	0
2023-01-16 12:29:46	45.50478	-122.408635	14.2	239247116	239247116	20	3322	Weekday	0
2023-01-16 12:29:56	45.504777	-122.406785	14.3	239247116	239247116	20	3322	Weekday	0
2023-01-16 12:30:01	45.504773	-122.40586	14.4	239247116	239247116	20	3322	Weekday	0
2023-01-16 12:30:11	45.504768	-122.404027	14.1	239247116	239247116	20	3322	Weekday	0
2023-01-16 12:30:16	45.50477	-122.403143	13.8	239247116	239247116	20	3322	Weekday	0
2023-01-16 12:30:39	45.504807	-122.400442	8.96	239247116	239247116	20	3322	Weekday	0
2023-01-16 12:30:44	45.504835	-122.400037	6.2	239247116	239247116	20	3322	Weekday	0
2023-01-16 12:32:09	45.508973	-122.399915	5.45	239247116	239247116	20	3322	Weekday	0
2023-01-16 12:32:29	45.511695	-122.399912	14.95	239247116	239247116	20	3322	Weekday	0
2023-01-16 12:32:34	45.512248	-122.399842	11.8	239247116	239247116	20	3322	Weekday	0
2023-01-16 12:32:44	45.512733	-122.399692	5.1	239247116	239247116	20	3322	Weekday	0
2023-01-16 12:32:59	45.513912	-122.39904	9.67	239247116	239247116	20	3322	Weekday	0
2023-01-16 12:33:44	45.517277	-122.398393	8.36	239247116	239247116	20	3322	Weekday	0
2023-01-16 12:35:34	45.518845	-122.398473	1.52	239247116	239247116	20	3322	Weekday	0
2023-01-16 12:35:39	45.51907	-122.398553	5.6	239247116	239247116	20	3322	Weekday	0
2023-01-16 12:35:44	45.519157	-122.398913	5.6	239247116	239247116	20	3322	Weekday	0
2023-01-16 12:36:19	45.519132	-122.399968	2.46	239247116	239247116	20	3322	Weekday	0
2023-01-16 12:37:44	45.519118	-122.404208	3.72	239247116	239247116	20	3322	Weekday	0
2023-01-16 12:37:54	45.519118	-122.405888	12.9	239247116	239247116	20	3322	Weekday	0
2023-01-16 12:37:58	45.519122	-122.406587	13.75	239247116	239247116	20	3322	Weekday	0
2023-01-16 12:38:28	45.51913	-122.407477	2.3	239247116	239247116	20	3322	Weekday	0
2023-01-16 12:39:18	45.519118	-122.410428	4.56	239247116	239247116	20	3322	Weekday	0
2023-01-16 12:39:38	45.51912	-122.411625	4.65	239247116	239247116	20	3322	Weekday	0
2023-01-16 12:39:48	45.51912	-122.411803	1.4	239247116	239247116	20	3322	Weekday	0
2023-01-16 12:40:58	45.51912	-122.411862	0.06	239247116	239247116	20	3322	Weekday	0
2023-01-16 12:41:03	45.519118	-122.412085	3.4	239247116	239247116	20	3322	Weekday	0
2023-01-16 12:41:48	45.51912	-122.413433	2.31	239247116	239247116	20	3322	Weekday	0
2023-01-16 12:42:13	45.51913	-122.417933	13.92	239247116	239247116	20	3322	Weekday	0
2023-01-16 12:42:18	45.519135	-122.418975	16	239247116	239247116	20	3322	Weekday	0
2023-01-16 12:43:10	45.519137	-122.424525	8.27	239247116	239247116	20	3322	Weekday	0
2023-01-16 12:43:15	45.51914	-122.425593	16.4	239247116	239247116	20	3322	Weekday	0
2023-01-16 12:43:20	45.519143	-122.426665	16.6	239247116	239247116	20	3322	Weekday	0
2023-01-16 12:43:40	45.519148	-122.430852	16.15	239247116	239247116	20	3322	Weekday	0
2023-01-16 12:43:45	45.519148	-122.431798	14.6	239247116	239247116	20	3322	Weekday	0
2023-01-16 12:44:15	45.519148	-122.43411	5.93	239247116	239247116	20	3322	Weekday	0
2023-01-16 12:44:20	45.519158	-122.434613	7.8	239247116	239247116	20	3322	Weekday	0
2023-01-16 13:44:31	45.523258	-122.69485	5.4	239247116	239247116	20	3322	Weekday	0
2023-01-16 13:44:36	45.523263	-122.694985	1.4	239247116	239247116	20	3322	Weekday	0
2023-01-16 13:45:01	45.523308	-122.69602	3.44	239247116	239247116	20	3322	Weekday	0
2023-01-16 13:45:06	45.523333	-122.696585	8.8	239247116	239247116	20	3322	Weekday	0
2023-01-16 13:45:16	45.523383	-122.697705	8.5	239247116	239247116	20	3322	Weekday	0
2023-01-16 13:45:21	45.523418	-122.697998	3.8	239247116	239247116	20	3322	Weekday	0
2023-01-16 13:46:51	45.523652	-122.699588	1.37	239247116	239247116	20	3322	Weekday	0
2023-01-16 13:46:56	45.523722	-122.700043	7.2	239247116	239247116	20	3322	Weekday	0
2023-01-16 13:47:26	45.52392	-122.70113	2.93	239247116	239247116	20	3322	Weekday	0
2023-01-16 13:47:46	45.524195	-122.70322	8.25	239247116	239247116	20	3322	Weekday	0
2023-01-16 13:47:51	45.524175	-122.703942	11	239247116	239247116	20	3322	Weekday	0
2023-01-16 13:48:01	45.524093	-122.705573	12.7	239247116	239247116	20	3322	Weekday	0
2023-01-16 13:48:06	45.52403	-122.706373	12.4	239247116	239247116	20	3322	Weekday	0
2023-01-16 13:48:26	45.523668	-122.70877	9.5	239247116	239247116	20	3322	Weekday	0
2023-01-16 13:48:31	45.523513	-122.709297	8.8	239247116	239247116	20	3322	Weekday	0
2023-01-16 13:48:36	45.523348	-122.709922	10.4	239247116	239247116	20	3322	Weekday	0
2023-01-16 13:49:10	45.522307	-122.715828	14.03	239247116	239247116	20	3322	Weekday	0
2023-01-16 13:49:40	45.520938	-122.720483	13.93	239247116	239247116	20	3322	Weekday	0
2023-01-16 13:49:45	45.520425	-122.72107	14.6	239247116	239247116	20	3322	Weekday	0
2023-01-16 13:50:15	45.5193	-122.725558	14.5	239247116	239247116	20	3322	Weekday	0
2023-01-16 13:50:55	45.51857	-122.732387	14.28	239247116	239247116	20	3322	Weekday	0
2023-01-16 13:51:00	45.518738	-122.733223	13.4	239247116	239247116	20	3322	Weekday	0
2023-01-16 13:51:10	45.51911	-122.73493	13.8	239247116	239247116	20	3322	Weekday	0
2023-01-16 13:51:35	45.519303	-122.735723	2.56	239247116	239247116	20	3322	Weekday	0
2023-01-16 13:51:40	45.519423	-122.736368	10.4	239247116	239247116	20	3322	Weekday	0
2023-01-16 13:51:45	45.519432	-122.737197	13	239247116	239247116	20	3322	Weekday	0
2023-01-16 13:51:55	45.518973	-122.73899	14.8	239247116	239247116	20	3322	Weekday	0
2023-01-16 13:52:00	45.518677	-122.739962	16.6	239247116	239247116	20	3322	Weekday	0
2023-01-16 13:53:06	45.515907	-122.747675	10.64	239247116	239247116	20	3322	Weekday	0
2023-01-16 13:53:16	45.516237	-122.749487	14.7	239247116	239247116	20	3322	Weekday	0
2023-01-16 13:53:42	45.515657	-122.75287	11.08	239247116	239247116	20	3322	Weekday	0
2023-01-16 13:54:07	45.515612	-122.752953	0.4	239247116	239247116	20	3322	Weekday	0
2023-01-16 13:54:12	45.515413	-122.753345	7.8	239247116	239247116	20	3322	Weekday	0
2023-01-16 12:09:37	45.502292	-122.426998	3.31	239247116	239247116	20	3322	Weekday	0
2023-01-16 12:09:42	45.502292	-122.426998	0	239247116	239247116	20	3322	Weekday	0
2023-01-16 12:10:22	45.502292	-122.426998	0	239247116	239247116	20	3322	Weekday	0
2023-01-16 12:10:27	45.502292	-122.426998	0	239247116	239247116	20	3322	Weekday	0
2023-01-16 12:10:37	45.502292	-122.426998	0	239247116	239247116	20	3322	Weekday	0
2023-01-16 12:10:52	45.502292	-122.426998	0	239247116	239247116	20	3322	Weekday	0
2023-01-16 12:10:57	45.502292	-122.426998	0	239247116	239247116	20	3322	Weekday	0
2023-01-16 12:11:12	45.502292	-122.426998	0	239247116	239247116	20	3322	Weekday	0
2023-01-16 12:11:47	45.502292	-122.426998	0	239247116	239247116	20	3322	Weekday	0
2023-01-16 12:11:57	45.502292	-122.426998	0	239247116	239247116	20	3322	Weekday	0
2023-01-16 12:12:02	45.502292	-122.426998	0	239247116	239247116	20	3322	Weekday	0
2023-01-16 12:12:07	45.502292	-122.426998	0	239247116	239247116	20	3322	Weekday	0
2023-01-16 12:18:59	45.502292	-122.426998	0	239247116	239247116	20	3322	Weekday	0
2023-01-16 12:19:09	45.502292	-122.426998	0	239247116	239247116	20	3322	Weekday	0
2023-01-16 12:25:31	45.504737	-122.417873	8	239247116	239247116	20	3322	Weekday	0
2023-01-16 12:25:36	45.50474	-122.417743	2	239247116	239247116	20	3322	Weekday	0
2023-01-16 12:28:36	45.504772	-122.415385	1.03	239247116	239247116	20	3322	Weekday	0
2023-01-16 12:28:51	45.504763	-122.413622	8.93	239247116	239247116	20	3322	Weekday	0
2023-01-16 12:29:26	45.50479	-122.41223	3.14	239247116	239247116	20	3322	Weekday	0
2023-01-16 12:29:51	45.504778	-122.40771	14	239247116	239247116	20	3322	Weekday	0
2023-01-16 12:30:06	45.504772	-122.404933	14.27	239247116	239247116	20	3322	Weekday	0
2023-01-16 12:30:21	45.504788	-122.402297	13.6	239247116	239247116	20	3322	Weekday	0
2023-01-16 12:30:26	45.504793	-122.401527	11.8	239247116	239247116	20	3322	Weekday	0
2023-01-16 12:30:54	45.50537	-122.399817	6.32	239247116	239247116	20	3322	Weekday	0
2023-01-16 12:31:19	45.506028	-122.3999	3	239247116	239247116	20	3322	Weekday	0
2023-01-16 12:31:24	45.50662	-122.399918	13.2	239247116	239247116	20	3322	Weekday	0
2023-01-16 12:31:29	45.507245	-122.399928	13.6	239247116	239247116	20	3322	Weekday	0
2023-01-16 12:31:34	45.507777	-122.399918	11.2	239247116	239247116	20	3322	Weekday	0
2023-01-16 12:32:24	45.51101	-122.399915	7.18	239247116	239247116	20	3322	Weekday	0
2023-01-16 12:32:49	45.512978	-122.399578	8.6	239247116	239247116	20	3322	Weekday	0
2023-01-16 12:33:09	45.515127	-122.398552	12.65	239247116	239247116	20	3322	Weekday	0
2023-01-16 12:33:19	45.515995	-122.398363	9	239247116	239247116	20	3322	Weekday	0
2023-01-16 12:33:49	45.51782	-122.398413	6.83	239247116	239247116	20	3322	Weekday	0
2023-01-16 12:33:54	45.518273	-122.398467	9.8	239247116	239247116	20	3322	Weekday	0
2023-01-16 12:33:59	45.518613	-122.398475	7.2	239247116	239247116	20	3322	Weekday	0
2023-01-16 12:35:49	45.519153	-122.399087	0.82	239247116	239247116	20	3322	Weekday	0
2023-01-16 12:36:24	45.519123	-122.400697	3.77	239247116	239247116	20	3322	Weekday	0
2023-01-16 12:36:29	45.519128	-122.401338	9.4	239247116	239247116	20	3322	Weekday	0
2023-01-16 12:36:34	45.519132	-122.401715	5	239247116	239247116	20	3322	Weekday	0
2023-01-16 12:37:34	45.519115	-122.402565	1.22	239247116	239247116	20	3322	Weekday	0
2023-01-16 12:37:49	45.519118	-122.405032	12.73	239247116	239247116	20	3322	Weekday	0
2023-01-16 12:38:03	45.519122	-122.406885	9.5	239247116	239247116	20	3322	Weekday	0
2023-01-16 12:38:48	45.51912	-122.408037	1.93	239247116	239247116	20	3322	Weekday	0
2023-01-16 12:38:53	45.51913	-122.408682	9.8	239247116	239247116	20	3322	Weekday	0
2023-01-16 12:39:03	45.519165	-122.409415	5.8	239247116	239247116	20	3322	Weekday	0
2023-01-16 12:39:13	45.519132	-122.409843	3.2	239247116	239247116	20	3322	Weekday	0
2023-01-16 12:39:23	45.51912	-122.410893	8.2	239247116	239247116	20	3322	Weekday	0
2023-01-16 12:39:33	45.51912	-122.411567	5.2	239247116	239247116	20	3322	Weekday	0
2023-01-16 12:41:08	45.519118	-122.4123	0.6	239247116	239247116	20	3322	Weekday	0
2023-01-16 12:41:18	45.519132	-122.412963	5.1	239247116	239247116	20	3322	Weekday	0
2023-01-16 12:41:58	45.519122	-122.415022	3.98	239247116	239247116	20	3322	Weekday	0
2023-01-16 12:42:03	45.519123	-122.415997	15	239247116	239247116	20	3322	Weekday	0
2023-01-16 12:42:08	45.519127	-122.416942	14.6	239247116	239247116	20	3322	Weekday	0
2023-01-16 12:42:23	45.519133	-122.419983	15.67	239247116	239247116	20	3322	Weekday	0
2023-01-16 12:42:34	45.519143	-122.421507	10.64	239247116	239247116	20	3322	Weekday	0
2023-01-16 12:42:59	45.519135	-122.422407	2.8	239247116	239247116	20	3322	Weekday	0
2023-01-16 12:43:50	45.519147	-122.432562	15.39	239247116	239247116	20	3322	Weekday	0
2023-01-16 12:44:00	45.519147	-122.433313	5.7	239247116	239247116	20	3322	Weekday	0
2023-01-16 12:44:05	45.519147	-122.433333	0.2	239247116	239247116	20	3322	Weekday	0
2023-01-16 12:44:10	45.519145	-122.433587	4.2	239247116	239247116	20	3322	Weekday	0
2023-01-16 12:19:34	45.502292	-122.426998	0	239247116	239247116	20	3322	Weekday	0
2023-01-16 12:19:54	45.502292	-122.426998	0	239247116	239247116	20	3322	Weekday	0
2023-01-16 12:19:59	45.502292	-122.426998	0	239247116	239247116	20	3322	Weekday	0
2023-01-16 12:20:03	45.502292	-122.427068	1.25	239247116	239247116	20	3322	Weekday	0
2023-01-16 12:20:13	45.502255	-122.427582	3.8	239247116	239247116	20	3322	Weekday	0
2023-01-16 12:20:18	45.502228	-122.427813	3.6	239247116	239247116	20	3322	Weekday	0
2023-01-16 12:20:28	45.502322	-122.428027	1.9	239247116	239247116	20	3322	Weekday	0
2023-01-16 12:20:58	45.502875	-122.427627	2.63	239247116	239247116	20	3322	Weekday	0
2023-01-16 12:21:18	45.502667	-122.426858	3.35	239247116	239247116	20	3322	Weekday	0
2023-01-16 12:22:48	45.502837	-122.426217	0.77	239247116	239247116	20	3322	Weekday	0
2023-01-16 12:23:03	45.503818	-122.426085	7.2	239247116	239247116	20	3322	Weekday	0
2023-01-16 12:23:13	45.504498	-122.426015	7.5	239247116	239247116	20	3322	Weekday	0
2023-01-16 12:23:19	45.50471	-122.42601	3.83	239247116	239247116	20	3322	Weekday	0
2023-01-16 12:23:51	45.504765	-122.426007	0.16	239247116	239247116	20	3322	Weekday	0
2023-01-16 12:24:16	45.504937	-122.423507	7.96	239247116	239247116	20	3322	Weekday	0
2023-01-16 12:25:01	45.504725	-122.420988	4.33	239247116	239247116	20	3322	Weekday	0
(1147 rows)
